,category,fname,mif_idx
0,aiming,yt-0gwUV4Ze-Hs_390.mp4,50
1,aiming,yt-0qYbATyHm2A_59.mp4,2
2,aiming,yt-2yYb3iQCivw_130.mp4,36
3,aiming,yt-chT_6aIyhD4_47.mp4,6
4,aiming,yt-fG9wZzs4jis_124.mp4,1
5,aiming,yt-fM2iXUuaP7U_48.mp4,0
6,aiming,yt-iVSy96zolvw_23.mp4,37
7,applauding,yt-06tUmXhgnSY_4.mp4,43
8,applauding,yt-A70byjNkwdA_4.mp4,0
9,applauding,yt-E14-2TmbCD8_12.mp4,1
10,applauding,yt-H42A6AeUg8Q_11.mp4,0
11,applauding,yt-e9YwItc0qUc_5.mp4,68
12,arresting,yt-AjdbE8lIzAY_218.mp4,27
13,arresting,yt-O9vXFcXLWVQ_50.mp4,46
14,arresting,yt-wY-LUhSZtv8_16.mp4,58
15,ascending,vine_R-Mah0Jqm9OXZ_1.mp4,3
16,ascending,yt-08LpbgrFhyo_2.mp4,13
17,ascending,yt-aIp6GNk0NG4_137.mp4,21
18,ascending,yt-sjxvXuCQIoU_143.mp4,14
19,ascending,yt-xW48ktKB13Q_39.mp4,2
20,asking,meta-5666883_115.mp4,34
21,asking,yt-88_n25o35nE_36.mp4,5
22,asking,yt-ALjL-t6h6Yo_179.mp4,18
23,asking,yt-XkdkHDKypOU_114.mp4,66
24,asking,yt-_tFsQngz17c_203.mp4,23
25,asking,yt-eFZMh88U-ZQ_169.mp4,56
26,asking,yt-hTlLcnblrXQ_8.mp4,74
27,assembling,giphy-7StsXUurbtPOM_1.mp4,45
28,assembling,yt-2EcFNzqeBRI_92.mp4,42
29,assembling,yt-2m5r0TXaVss_85.mp4,68
30,assembling,yt-2uUcsp0V4EQ_220.mp4,52
31,assembling,yt-392ViqcHhBY_138.mp4,33
32,assembling,yt-498pYTm57LE_9.mp4,55
33,assembling,yt-5RertVto1RU_212.mp4,70
34,assembling,yt-NffegwfAcJc_60.mp4,26
35,assembling,yt-nEItI82QYkk_193.mp4,1
36,assembling,yt-vJbPD1EPAgQ_1677.mp4,62
37,attacking,giphy-dKoizZQpO92nK_4.mp4,48
38,attacking,yt-0Pj8QKTvRTQ_42.mp4,8
39,attacking,yt-i0GW0Vnr9Yc_13.mp4,34
40,autographing,yt-1UFzgLo9Qtw_8.mp4,41
41,autographing,yt-6fOCxri2AR8_97.mp4,60
42,autographing,yt-fmumpVQdy-Q_28.mp4,3
43,baking,yt-0Gy_u05iEfQ_417.mp4,39
44,baking,yt-1F-On_OevOw_420.mp4,7
45,baking,yt-3_jsQOtSYVo_90.mp4,61
46,baking,yt-4d4Fkn3SRI0_238.mp4,24
47,baking,yt-5Ce2IJgxW2E_227.mp4,40
48,baking,yt-7YFg0b1-eAc_190.mp4,27
49,baking,yt-XttoykXEV3w_2601.mp4,22
50,baking,yt-_0eoVmsF8Mc_636.mp4,42
51,baking,yt-_GWfW6aA9JM_259.mp4,48
52,baking,yt-_yTwPHUgJM4_943.mp4,61
53,baking,yt-eG0Pu2uM5q0_163.mp4,21
54,balancing,giphy-69oQLZSCgBV04_5.mp4,26
55,balancing,giphy-axV6rughQFsA0_4.mp4,49
56,balancing,vine-Balancing-on-a-log-MPMdb99PwEq_2.mp4,7
57,balancing,yt-2nIpLNY66qw_957.mp4,63
58,balancing,yt-7pwSKcFnSHs_998.mp4,13
59,balancing,yt-m3zrcNknWVE_199.mp4,54
60,balancing,yt-m3zrcNknWVE_253.mp4,35
61,balancing,yt-vnipmBjLWu0_21.mp4,0
62,baptizing,yt-2xOeRjkGpVs_13.mp4,74
63,baptizing,yt-NThMkmnf2Jc_153.mp4,67
64,baptizing,yt-W3L7-SJIn70_66.mp4,66
65,baptizing,yt-aCUIqLG58ro_196.mp4,11
66,baptizing,yt-eN8-M_wLLg0_217.mp4,71
67,barbecuing,yt-98OpvjpNZHA_118.mp4,62
68,barbecuing,yt-UU6M5FrBBAo_193.mp4,7
69,barbecuing,yt-UnKs9K46xFs_6.mp4,36
70,barbecuing,yt-b5qkQDzTGNM_36.mp4,41
71,barbecuing,yt-eZ-C72FckDQ_91.mp4,39
72,barbecuing,yt-oVru9yRIyc0_78.mp4,65
73,barbecuing,yt-waZdMFE_RSw_148.mp4,13
74,bathing,giphy-3otPouW2fQXlPFx2Fy_0.mp4,32
75,bathing,giphy-5b9vHVxt2YRjO_0.mp4,54
76,bathing,yt-3ZsRs24OZkU_18.mp4,74
77,bathing,yt-xxnVq5vj0MU_80.mp4,17
78,bending,YvIvQPmKDEs_34.mp4,22
79,bending,giphy-4gpUravKOfdSg_1.mp4,66
80,bending,yt--FZ_-j9JVFI_146.mp4,3
81,bending,yt-0UEMkpXlAj8_16.mp4,65
82,bending,yt-4M-IhhcgQ54_8.mp4,65
83,bending,yt-6o4IpCw3nV8_218.mp4,69
84,bicycling,yt-5r5WH6nBey8_235.mp4,65
85,bicycling,yt-8qr4AuJTy-I_11.mp4,18
86,bicycling,yt-9w3RzoD3BAc_17.mp4,44
87,bicycling,yt-cJC7lSqBe1Y_25.mp4,39
88,biting,giphy-10rnmC2nwCvH4Q_0.mp4,48
89,biting,giphy-8kwmC2EF9Xb56_0.mp4,71
90,biting,yt-mvZCesZzwcM_28.mp4,19
91,blocking,yt-2aVwsSQ4Vzk_162.mp4,17
92,blocking,yt-2sZrBkV7qqg_36.mp4,4
93,blocking,yt-L0FlpzdzOs8_5.mp4,28
94,blocking,yt-bN99WyQTUug_475.mp4,41
95,blocking,yt-i8hfeQfkHp4_733.mp4,53
96,blowing,yt-3Px2D-8jqe0_17.mp4,4
97,blowing,yt-4nkYD5JN4_k_10.mp4,14
98,blowing,yt-6SvQVtZTItA_43.mp4,27
99,blowing,yt-C0J6EQYYLzI_20.mp4,16
100,blowing,yt-jwDMIYq3o58_9.mp4,16
101,boarding,vine-Sand-boarding-M55VDUgVwuF_2.mp4,7
102,boarding,yt-JCMD96iJa34_84.mp4,47
103,boarding,yt-JgMxsZxGD1Q_172.mp4,74
104,boating,yt--m0tVOPrHXc_15.mp4,8
105,boating,yt-00J0uRWjHTQ_98.mp4,56
106,boating,yt-0U3bnRrmdl8_40.mp4,35
107,boating,yt-0XkFj7HPKjo_95.mp4,40
108,boating,yt-1GyQ1BMdB5k_25.mp4,50
109,boating,yt-1skMQ5IvJqs_35.mp4,51
110,boating,yt-3Ah4I6ggDAU_4.mp4,21
111,boating,yt-7hLkxhGLSi4_8.mp4,49
112,boating,yt-ET42MWy3XXk_26.mp4,49
113,boating,yt-b9OfPEsgl1Q_3.mp4,66
114,bouncing,yt-28o9eWPtzo8_1082.mp4,17
115,bouncing,yt-88F_tC_efG4_176.mp4,8
116,bouncing,yt-AVdWqOqQFos_25.mp4,56
117,bouncing,yt-N9EOF3v1yts_72.mp4,7
118,bowing,yt-2-qTH6z6j28_7.mp4,46
119,bowing,yt-2MqWbj1wbhE_50.mp4,46
120,bowing,yt-8FHTpeLqxJ8_71.mp4,12
121,bowing,yt-eXL33exIILo_897.mp4,6
122,boxing,yt-3kGCMxuncMY_24.mp4,30
123,boxing,yt-9zZ1n2ZWDjE_205.mp4,35
124,boxing,yt-FZkEgqzn2os_107.mp4,1
125,boxing,yt-LYUt7A1ZV1g_180.mp4,19
126,boxing,yt-zqT2GzM0cOI_1.mp4,71
127,breaking,giphy-LirabC73gVe92_3.mp4,7
128,breaking,giphy-l4FGBCsKUUdShJ7fq_1.mp4,27
129,breaking,giphy-l4FGFun5ERye3Pqw0_0.mp4,47
130,breaking,vine-Brooke-sucks-at-cracking-eggs-hXlgUrB3AKq_2.mp4,25
131,brushing,giphy-vEtYxbEsTS3Sw_0.mp4,31
132,brushing,yt-8rx1V9RQuxM_7.mp4,10
133,brushing,yt-GTMDGBKGSXo_362.mp4,49
134,brushing,yt-IGHpI5LRzuk_37.mp4,32
135,brushing,yt-IV4Hm6kscPs_111.mp4,66
136,brushing,yt-iSGYyFkgr38_36.mp4,73
137,brushing,yt-ppa0vDSrPY4_108.mp4,15
138,bubbling,giphy-3o7aCVhNQ38lb6KAeY_1.mp4,8
139,bubbling,giphy-3owvK9B7vl6UXMdL8s_1.mp4,21
140,bubbling,giphy-8Z3Um9POsJTby_1.mp4,37
141,bubbling,giphy-a5w5O1s2CCtcQ_0.mp4,55
142,bubbling,giphy-l0MYMoTEsyiQzA8Ew_0.mp4,17
143,bubbling,giphy-zs5BeWl187TQA_0.mp4,34
144,building,yt--yYBYG31pMw_28.mp4,40
145,building,yt-2QtTv7kWzrY_68.mp4,35
146,building,yt-2otcZXr9ZbA_44.mp4,62
147,building,yt-fQcr8XHjJCA_457.mp4,8
148,building,yt-rYw2sEtasxw_339.mp4,34
149,building,yt-v94mGos-7oE_232.mp4,3
150,burying,yt-0d4Pwu41lIM_8.mp4,29
151,burying,yt-1tebyif9mBM_7.mp4,17
152,burying,yt-2K9Hhe30hDk_65.mp4,55
153,burying,yt-48P_PJ1rLEY_11.mp4,1
154,burying,yt-4_YWQaUT1Xs_309.mp4,37
155,burying,yt-5sWtnzcJkww_219.mp4,33
156,buttoning,bing-www_wikihow_com_Button-a-Suit_81.mp4,37
157,buttoning,vb-beautiful-fashionable-groom-button-cufflinks-smycp5eripit5xbv_4.mp4,43
158,buttoning,yt-3MET8Aq9vIU_5.mp4,51
159,buttoning,yt-J1q0x4-oMrU_23.mp4,29
160,buttoning,yt-QI2dYuXHYf8_76.mp4,17
161,buttoning,yt-utSK1H0G0uI_15.mp4,67
162,buying,edCluXW6R3c_18.mp4,16
163,buying,yt-HYsttgavcnI_781.mp4,52
164,buying,yt-JTmtKd4sa6s_1.mp4,28
165,calling,yt-GBs0oflK3p8_418.mp4,45
166,calling,yt-WAXqRgbhZC8_303.mp4,12
167,calling,yt-dO0OuozAgt0_225.mp4,57
168,camping,yt-ay2n6lTs6jI_21.mp4,4
169,camping,yt-fJPAYpqHHDA_768.mp4,34
170,camping,yt-qS3TBAT_tsg_153.mp4,30
171,camping,yt-yNaUoBUHKPg_59.mp4,23
172,carrying,giphy-xUPGcCDDvNHzZ5PwSk_1.mp4,10
173,carrying,yt-1tp-x9_tr0A_375.mp4,4
174,carrying,yt-JtNHvgXR2LQ_266.mp4,1
175,carrying,yt-xnqqB-leeaQ_128.mp4,33
176,carving,yt-BlWfK4MkjWA_469.mp4,42
177,carving,yt-_8i8MirMjOQ_290.mp4,2
178,carving,yt-_fDxRDV_D28_132.mp4,60
179,carving,yt-aTEGTeQuDWM_93.mp4,13
180,carving,yt-buM__ylqDQA_190.mp4,32
181,carving,yt-sgr0jxXfrQ0_289.mp4,59
182,catching,yt--bfwz29nmb4_19.mp4,7
183,catching,yt-AbJBxqEYoMg_105.mp4,72
184,catching,yt-GaJaxp546lc_22.mp4,43
185,catching,yt-aCKpKOnV3FI_354.mp4,49
186,celebrating,IBmQHNiHe7Y_218.mp4,19
187,celebrating,giphy-O3czs2ze6v4eA_0.mp4,22
188,celebrating,yt-Gce9up9FTMA_76.mp4,25
189,celebrating,yt-Oq5OYvfAi_g_75.mp4,28
190,celebrating,yt-uCWYNtJs5aA_18.mp4,63
191,celebrating,yt-x-dPoCfk2n8_90.mp4,41
192,cheering,yt--Tm4SYvYEYc_5.mp4,31
193,cheering,yt-4wUgIvkoI_0_6.mp4,23
194,cheering,yt-7TjnxFLMM4I_73.mp4,22
195,cheering,yt-8eF_5FLToWo_2.mp4,10
196,cheerleading,yt-1q8BSnedfqA_69.mp4,6
197,cheerleading,yt-90fIryO4TX8_101.mp4,10
198,cheerleading,yt-DcbHMphXRtc_20.mp4,31
199,cheerleading,yt-RtfMqwGQclY_135.mp4,9
200,cheerleading,yt-ZQtpYTrK4mQ_205.mp4,76
201,cheerleading,yt-osePU0cGOj4_24.mp4,51
202,chewing,yt-2oWHloUXATk_1023.mp4,12
203,chewing,yt-2vGE34HHHKw_751.mp4,9
204,chewing,yt-5ISu0RwPoBs_149.mp4,57
205,chewing,yt-71Y0TOk0Fa4_710.mp4,0
206,chewing,yt-_JgY3UNXvVI_340.mp4,59
207,chewing,yt-hkzmDTt9aWE_167.mp4,76
208,chopping,yt-6JgCnD3Y9Fs_22.mp4,73
209,chopping,yt-6gKZI9zeiys_27.mp4,65
210,chopping,yt-Upqp21Dm5vg_332.mp4,41
211,chopping,yt-Ymr_tmPpD4Q_36.mp4,64
212,chopping,yt-pcjnZePNGKo_100.mp4,74
213,clapping,yt-0C2cBh_NZNU_21.mp4,29
214,clapping,yt-6eb3EAjCU14_6.mp4,2
215,clapping,yt-8ssH5pwNNXI_17.mp4,19
216,clapping,yt-9GYvscwGoF0_22.mp4,30
217,clapping,yt-D7B4BBju23s_17.mp4,60
218,clapping,yt-hH1j06bMHDQ_159.mp4,72
219,clawing,nCfPDSxmgKs_530.mp4,7
220,clawing,yt-It-fLwNhfWM_27.mp4,64
221,clawing,yt-YDhLBpTnX9Q_1343.mp4,5
222,cleaning,yt-31gVOpImdAc_19.mp4,12
223,cleaning,yt-6bFHNHUuqeI_22.mp4,42
224,cleaning,yt-8UndP78GEVM_31.mp4,64
225,cleaning,yt-VZOgwbXnaM8_198.mp4,37
226,cleaning,yt-YTuez2Zvi9c_7.mp4,59
227,cleaning,yt-c8AR9y1sbQ4_56.mp4,58
228,cleaning,yt-gg8wnqljQxU_41.mp4,2
229,cleaning,yt-q9DklvaXyyo_278.mp4,9
230,clearing,yt-2WfR-5XiT6U_87.mp4,12
231,clearing,yt-ExUq3rmAU7k_117.mp4,41
232,clearing,yt-xScgp0hZlQ8_85.mp4,29
233,climbing,yt-0AK9XWETfWM_98.mp4,71
234,climbing,yt-LaXg_BRGNZ4_13.mp4,51
235,climbing,yt-e_3CnuhqKBM_8.mp4,30
236,climbing,yt-fx7pyYd-uzE_59.mp4,49
237,clipping,yt-2X1FUcLhFYM_168.mp4,23
238,clipping,yt-3uXCbX0mGyE_61.mp4,20
239,clipping,yt-KtDYoOr6JtA_92.mp4,21
240,clipping,yt-bpuYKr842vQ_72.mp4,23
241,clipping,yt-haPGirUZggA_53.mp4,35
242,clipping,yt-peY3Xo6_QPc_14.mp4,57
243,closing,yt-3UiB_5en3gg_145.mp4,21
244,closing,yt-6TZXFkMVYSY_15.mp4,59
245,closing,yt-bP-kl-Ihxfs_5.mp4,47
246,coaching,yt-1gsKGEKdzYA_96.mp4,32
247,coaching,yt-NduRHeaoCMA_112.mp4,58
248,coaching,yt-PmVfW_9tVb0_199.mp4,32
249,coaching,yt-tlACYuB1S34_35.mp4,58
250,combing,yt-73MycjBccOs_600.mp4,45
251,combing,yt-AeVngoE9Oys_134.mp4,2
252,combing,yt-DHVD6UxC16c_458.mp4,66
253,combing,yt-L8Yhw207sD8_143.mp4,15
254,combing,yt-WNuZQnqY2Gs_132.mp4,71
255,combing,yt-hwV2JPpUC9I_101.mp4,57
256,combusting,yt-FL1HwIVSyMs_52.mp4,40
257,combusting,yt-SWfDbM_s0SE_212.mp4,54
258,combusting,yt-ZD-_-xoBs-U_88.mp4,17
259,competing,yt-YWpB0HlPXuA_191.mp4,69
260,competing,yt-wkAeEzLMhlY_212.mp4,57
261,competing,yt-y14Nhu4sBJA_780.mp4,14
262,constructing,JY-UFun4MSE_130.mp4,24
263,constructing,giphy-4LBLKGxH7f9Fm_1.mp4,34
264,constructing,uhBiokCfMIY_247.mp4,65
265,constructing,yt-7PdAkCaeI2s_96.mp4,63
266,constructing,yt-GEN6puSPRL4_33.mp4,51
267,constructing,yt-JY1mxnXCeF8_226.mp4,59
268,constructing,yt-akQNebcFeYc_129.mp4,52
269,constructing,yt-l0KnpgfXIIA_100.mp4,8
270,cooking,PqRLnGvK9mw_276.mp4,54
271,cooking,UzXDo9oxpHc_61.mp4,31
272,cooking,VPLK2oMPV2w_85.mp4,6
273,cooking,giphy-Y8MVSvHwbASqc_4.mp4,71
274,cooking,uCpOeI5OzGU_94.mp4,48
275,cooking,vine-Vine-Video-Baking-Story-2-mcs204-hPlTing2azv_1.mp4,32
276,cooking,yt-2FuOFR22x74_168.mp4,13
277,cooking,yt-caz73RgNUlE_923.mp4,70
278,cooking,yt-e973CXFvMWw_250.mp4,16
279,coughing,giphy-3QuLmF01Iuneg_0.mp4,9
280,coughing,giphy-Dm8YlbCgJXb7G_0.mp4,44
281,coughing,giphy-SbclQf6AAY40g_4.mp4,55
282,coughing,vine-MbBWqjWjArA_1.mp4,75
283,coughing,yt--5dCv5_nvU8_205.mp4,54
284,coughing,yt-JgxIyaKdwZc_54.mp4,27
285,coughing,yt-KNuAkWYXHAk_169.mp4,60
286,cracking,yt-2vSw0cyHn9M_1.mp4,31
287,cracking,yt-6SMj1Lzd8Ts_107.mp4,54
288,cracking,yt-BjivvpFwQno_242.mp4,31
289,cracking,yt-DafeFcxOyyU_18.mp4,2
290,cracking,yt-g0sqcPyWPRU_4.mp4,30
291,cracking,yt-h3yTdG8cYWQ_64.mp4,73
292,cracking,yt-p0NgdskNW1c_229.mp4,53
293,cracking,yt-s_28sLKWn6U_142.mp4,30
294,cracking,yt-zLbYI7S9MPA_7.mp4,72
295,crafting,PrN1A15vFsk_9.mp4,58
296,crafting,nMmChNI7BfI_156.mp4,17
297,crafting,yt-0d4VyIfrzhw_56.mp4,62
298,crafting,yt-9Gq4CNk8mP8_210.mp4,72
299,cramming,yt--jL7WwPOMvU_31.mp4,2
300,cramming,yt-J4Ci5b3z4fo_4.mp4,22
301,cramming,yt-Xn6-iTvN5So_66.mp4,39
302,crawling,giphy-k17JpnCcGN2qk_0.mp4,28
303,crawling,yt-D2IqADeDZ2o_5.mp4,1
304,crawling,yt-kawmL3oVw8c_2.mp4,38
305,crawling,yt-kjFb40DwwLs_56.mp4,1
306,crawling,yt-nnOnO0Dw5dg_2.mp4,23
307,crouching,giphy-3oEjI5T7M3xyXALei4_2.mp4,58
308,crouching,yt-mAuZDrQlNhg_32.mp4,53
309,crouching,yt-zoZWgTrZLd8_121.mp4,29
310,crushing,yt-2TGItFSkSyM_438.mp4,35
311,crushing,yt-5DVBRtuaWYc_398.mp4,40
312,crushing,yt-6VeEWNYzdqc_21.mp4,16
313,crushing,yt-A2bdTccCdOA_73.mp4,28
314,crushing,yt-eU22i-4fFVE_137.mp4,64
315,crushing,yt-jIlqNRut1ak_63.mp4,56
316,crying,yt-4orMS_t1saU_35.mp4,40
317,crying,yt-SPnwoerM15o_73.mp4,6
318,crying,yt-iinnPW0N3bI_26.mp4,34
319,crying,yt-j0iLxr4wQDA_34.mp4,70
320,cuddling,yt-AKVa3ad_MC8_174.mp4,14
321,cuddling,yt-FWdDGbuVeYI_117.mp4,1
322,cuddling,yt-ZGSVHSKRA1M_69.mp4,0
323,cuddling,yt-_dhxI__FQEw_392.mp4,48
324,cuddling,yt-dvL_q1yJK04_36.mp4,16
325,cutting,yt-0C7FcEDccDQ_28.mp4,50
326,cutting,yt-6JgCnD3Y9Fs_22.mp4,38
327,cutting,yt-PUMaffdpyP0_47.mp4,20
328,cutting,yt-UgO4jE-puiE_67.mp4,10
329,cutting,yt-_jfNUb59_00_543.mp4,22
330,dancing,yt--70wXQICQe8_35.mp4,58
331,dancing,yt-2BBucOyNKA8_78.mp4,51
332,dancing,yt-7vIWVAx4I2A_50.mp4,1
333,dancing,yt-_3VKnyHF-cM_1.mp4,29
334,descending,0ka-hEJOatQ_135.mp4,12
335,descending,yt-94xBYNopGEA_202.mp4,17
336,descending,yt-9T8jCtr4fBw_4.mp4,17
337,descending,yt-AJvV03hqKBE_135.mp4,29
338,descending,yt-Zc6W77tKDEc_101.mp4,27
339,descending,yt-sGckFFOLO30_164.mp4,35
340,descending,yt_R-NJHBQVkBxj0_15.mp4,20
341,destroying,yt-2AkoHH7gxlA_36.mp4,8
342,destroying,yt-3Qtl2SlCqfc_131.mp4,20
343,destroying,yt-9bMEFz5OAGw_411.mp4,63
344,digging,yt-0AiQPWL3epE_132.mp4,67
345,digging,yt-0Nm0JSLIkBM_376.mp4,43
346,digging,yt-1pHQD7tuNgY_286.mp4,47
347,digging,yt-3k7gYOu6WXk_106.mp4,37
348,digging,yt-OedcwH3B-YE_501.mp4,13
349,digging,yt-TEs2FPLtgZw_335.mp4,1
350,digging,yt-_nKbZZRFJp4_256.mp4,56
351,digging,yt-cco1zKVn0OI_3.mp4,0
352,digging,yt-g4sCJa5ohj0_633.mp4,7
353,dining,giphy-m6viLj5vduPmw_0.mp4,0
354,dining,vine-Fine-dining-MnIAHEJTYQw_3.mp4,45
355,dining,yt-E2Klz_wBAf8_285.mp4,15
356,dining,yt-FDMROdv8N0A_118.mp4,60
357,dining,yt-LVLmnfnoUwE_243.mp4,0
358,dining,yt-lCxACesO_74_173.mp4,30
359,dipping,vine-When-dipping-goes-wrong-hX9KhIliKBW_1.mp4,32
360,dipping,yt-68BHzdGMZZw_697.mp4,52
361,dipping,yt-FJj4_YCuA6s_25.mp4,27
362,dipping,yt-IorPjvIWy3U_28.mp4,1
363,dipping,yt-LKWHjArcVZ4_54.mp4,54
364,dipping,yt-rhfXEfjzBxs_242.mp4,29
365,discussing,rh4GHYLk9oU_1041.mp4,43
366,discussing,yt-0PSdWSY_3m4_124.mp4,22
367,discussing,yt-33PKaLVxDC4_2703.mp4,72
368,discussing,yt-4b5lXt9rqIQ_269.mp4,54
369,discussing,yt-5_knRwioioM_99.mp4,8
370,discussing,yt-ACR1T1nMR0E_57.mp4,54
371,discussing,yt-ljqH60v4EzI_1301.mp4,26
372,discussing,yt-m5imx_VufJU_47.mp4,21
373,diving,yt-1xpKanBz6VY_261.mp4,5
374,diving,yt-Mut3Huer9Hw_1.mp4,59
375,diving,yt-S8Nu1Ux44jI_55.mp4,30
376,diving,yt-pyg4jIBQyeI_16.mp4,76
377,draining,yt-cIUorSTElSM_24.mp4,72
378,draining,yt-gBVislSdg_4_46.mp4,69
379,draining,yt-haV_TH4pwVQ_29.mp4,55
380,draining,yt-rj0Yk6fDWwg_64.mp4,16
381,draining,yt-tI8wfzroO94_109.mp4,32
382,drawing,hsMP4XpgfXA_58.mp4,63
383,drawing,yt-31AAgOny2Ro_32.mp4,51
384,drawing,yt-5De_9PZdvOM_316.mp4,18
385,drawing,yt-6aBcsIQ3XxM_34.mp4,75
386,drawing,yt-9HGaFp-I61U_41.mp4,58
387,drawing,yt-KfSIh4WPhpQ_15.mp4,44
388,drawing,yt-uM0-NeLl-2w_329.mp4,52
389,dressing,yt-0xlW2rVFC8g_1.mp4,15
390,dressing,yt-aYs4wojb4AU_13.mp4,50
391,dressing,yt-yZEFDKOdjRE_313.mp4,45
392,drilling,giphy-bY9whqOheXIkg_4.mp4,51
393,drilling,yt-9grsKQDAnCI_63.mp4,75
394,drilling,yt-9ka77n5PD3U_170.mp4,28
395,drilling,yt-LQmAcTRIzZQ_42.mp4,18
396,drilling,yt-M-BHM2oC7NQ_423.mp4,62
397,drilling,yt-cJ5S5HzvzGg_167.mp4,0
398,drinking,2E2U43H3pFs_236.mp4,24
399,drinking,yt-Hu-rOhqmq5Y_100.mp4,42
400,drinking,yt-RS4tf6aXiQY_30.mp4,8
401,drinking,yt-TV-4TbpGic0_127.mp4,51
402,drinking,yt-klRIp3p856k_67.mp4,72
403,driving,yt-7ClH977D0Yg_256.mp4,17
404,driving,yt-C6ATJIclkaU_152.mp4,30
405,driving,yt-DNei2XbzFB4_136.mp4,22
406,driving,yt-lqM4Ly72xhE_177.mp4,23
407,drying,yt-2l9UWxlz8V4_121.mp4,28
408,drying,yt-TgpnayoqP8U_209.mp4,63
409,drying,yt-VTXQtJC5K7U_90.mp4,1
410,drying,yt-ZNFW1MzK1lc_344.mp4,74
411,drying,yt-am9FoKBaCE0_70.mp4,56
412,drying,yt-iEXYv8k9FpY_6.mp4,2
413,dunking,vine-hEhxXlZa3lg_1.mp4,15
414,dunking,yt-3dK0Hu9BMaU_58.mp4,61
415,dunking,yt-4TuMf-lyGUI_166.mp4,26
416,dunking,yt-8JWEYZljNf4_53.mp4,19
417,dunking,yt-lwGCs-72jUQ_5.mp4,9
418,dusting,yt-4jxeXW3Gowc_15.mp4,27
419,dusting,yt-5eLBQKKpCOw_257.mp4,76
420,dusting,yt-K_URZctzGx8_4.mp4,61
421,dusting,yt-aQW3fDdssXE_29.mp4,3
422,dusting,yt-llQCyAyaEVg_124.mp4,30
423,eating,aN3JHSW5fug_319.mp4,11
424,eating,yt--UbJUHjvDsI_579.mp4,53
425,eating,yt-SoaOuanzfxM_145.mp4,54
426,eating,yt-V9hKfvFLDQo_816.mp4,7
427,emptying,ASh1URiQpbs_23.mp4,75
428,emptying,yt-IqXSxPMGKbc_20.mp4,52
429,emptying,yt-hX4aMib36no_18.mp4,32
430,emptying,yt-haLOAakEN7E_30.mp4,0
431,emptying,yt-jofCllkD4os_80.mp4,55
432,entering,giphy-YFbJla3lKP6es_2.mp4,50
433,entering,vine-h3UPVe5mq6A_3.mp4,40
434,entering,vine-hrVB2LrDxOa_2.mp4,36
435,exercising,yt-5B7pzE-r9i8_111.mp4,7
436,exercising,yt-AaVVo2s8QlA_33.mp4,69
437,exercising,yt-YoEJKtfcLiQ_58.mp4,25
438,exiting,flickr-hookedonlost-3412595612_2.mp4,69
439,exiting,giphy-U7IaMMFoVwo7u_0.mp4,69
440,exiting,vine-Jams-while-exiting-North-Station-mbta-MhKv9305xFD_2.mp4,46
441,exiting,vine-UPS-Driver-Ed-Brooks-demos-exiting-vehicle-safely-with-3-points-of-contact-MD7hu0EZ0br_1.mp4,76
442,exiting,yt-dNhF6Vwu1Sg_5.mp4,69
443,extinguishing,yt-1g-04CIRCKo_335.mp4,5
444,extinguishing,yt-P8qwvn5rFBo_60.mp4,41
445,extinguishing,yt-bmuM_kYjau4_6.mp4,21
446,extinguishing,yt-kWHVCoiC6lc_2.mp4,16
447,falling,yt-Alh6iIvVN9o_248.mp4,2
448,falling,yt-jlLE9uofKhU_64.mp4,38
449,falling,yt-uQWzu5byyPw_14.mp4,39
450,falling,yt-zIMbpbtCg4o_11.mp4,19
451,feeding,giphy-vcz5YoTUfZqZa_1.mp4,35
452,feeding,yt-o9ElS-RW7gM_9.mp4,73
453,feeding,yt-xPLLpFgm6NE_13.mp4,35
454,fighting,yt-4Rl2tWNizuc_51.mp4,70
455,fighting,yt-cqGVkGF90fY_30.mp4,13
456,fighting,yt-tnuT-QonRTk_130.mp4,76
457,fighting,yt-vwuTC2Sguz8_9.mp4,57
458,filling,yt-0m8z9xrlnEY_325.mp4,11
459,filling,yt-8yK9omtp2ec_223.mp4,69
460,filling,yt-Hq5EQHP4Yv0_33.mp4,23
461,filling,yt-S6K_USinuLw_109.mp4,75
462,filming,yt-075X8fJPGEg_15.mp4,19
463,filming,yt-0N4oODhDvp4_309.mp4,12
464,filming,yt-0brdw-YC8Ww_113.mp4,39
465,filming,yt-0tTvnKjhMME_57.mp4,2
466,filming,yt-5bkgOt8PwTQ_115.mp4,69
467,fishing,yt-YIgU8Tzf1fI_52.mp4,69
468,fishing,yt-YkqIup1xWgM_125.mp4,63
469,fishing,yt-Zyjs1Ymz0Y0_13.mp4,8
470,fishing,yt-xQNIxzaJGDw_879.mp4,17
471,fishing,yt-xp4X1QnB1GE_1595.mp4,74
472,fishing,yt-zJVFQWegQ3Y_46.mp4,18
473,fishing,yt-zZOp2zd7u4U_44.mp4,21
474,flicking,yt-7alEo9wBYq0_1227.mp4,35
475,flicking,yt-KDO9rRhJrHM_1.mp4,70
476,flicking,yt-YK4CGVjhs_E_34.mp4,5
477,flicking,yt-ZSci8slWiys_38.mp4,59
478,flicking,yt-vRDkRy77HRQ_235.mp4,0
479,flipping,yt-YPeMfQuDYOY_403.mp4,26
480,flipping,yt-ZI8zqWZ1EXQ_41.mp4,40
481,flipping,yt-ZJBSCaKSlCU_673.mp4,14
482,flipping,yt-zy20bO9mugQ_4.mp4,42
483,floating,giphy-l41lFDEsZN5UicpS8_1.mp4,25
484,floating,yt-VhkijfRtMOo_65.mp4,3
485,floating,yt-WF22mY_jOpY_33.mp4,61
486,floating,yt-Xg6r3QcHjCk_219.mp4,3
487,flying,yt-PI02L4XsUFk_1028.mp4,63
488,flying,yt-VI3QEezt1dM_18.mp4,69
489,flying,yt-YO_1rF6kIAE_106.mp4,18
490,folding,yt-YqSfn4NCDdQ_154.mp4,31
491,folding,yt-ZOBEmD9wEBI_251.mp4,9
492,folding,yt-ZSSjCAFZkGk_90.mp4,15
493,folding,yt-yTGspRR-O3g_10.mp4,36
494,folding,yt-z0trP4xhTNg_283.mp4,17
495,folding,yt-zBBz-X52Pbg_475.mp4,0
496,folding,yt-znBtFR-ggZ8_36.mp4,0
497,frowning,yt--LMTFOJZx9c_26.mp4,58
498,frowning,yt-Rbfos9zCSIw_155.mp4,77
499,frowning,yt-THXLFSDKD1E_443.mp4,49
500,frowning,yt-UHxySewb7sc_35.mp4,50
501,frowning,yt-pQ7VVKqdzmM_16.mp4,48
502,frowning,yt-vtYrx-XLLKE_3.mp4,8
503,frying,yt--YedO_YbOCQ_107.mp4,17
504,frying,yt-YroNJ5i2Rek_549.mp4,37
505,frying,yt-ZcNSkwTQ48s_242.mp4,36
506,frying,yt-yTrIfkAb-_8_751.mp4,3
507,fueling,yt-IfBeJbXf4w4_22.mp4,4
508,fueling,yt-LLAVbEXa4B4_21.mp4,17
509,fueling,yt-hflfRGeHeBM_91.mp4,27
510,fueling,yt-pI_avPFg2N0_36.mp4,27
511,fueling,yt-t25lzEUpAUM_3.mp4,10
512,fueling,yt-wlM3Rd6g0p4_51.mp4,70
513,gardening,yt-B3mRWf--5-8_112.mp4,54
514,gardening,yt-EFczzWiyl5s_59.mp4,7
515,gardening,yt-OCyum7tPMP0_140.mp4,9
516,gardening,yt-PRWUEpuskRs_95.mp4,13
517,gardening,yt-VSb-f7DjBZQ_686.mp4,64
518,gardening,yt-XdM6rTvxPVw_91.mp4,58
519,gardening,yt-pBW8LdeolKg_23.mp4,3
520,gardening,yt-qQmSxWB_LDU_100.mp4,5
521,gardening,yt-uM88b79X0J0_98.mp4,20
522,gardening,yt-vx-VMETm4g0_154.mp4,31
523,gardening,yt-vyYYENDyVgg_85.mp4,12
524,gardening,yt-vyv5xLDRkjQ_3.mp4,66
525,gardening,yt-xxijbIcUeLY_52.mp4,13
526,giving,yt-PVtF6dyrsSc_119.mp4,16
527,giving,yt-PZiR4z73d6c_5.mp4,1
528,giving,yt-kCgUDWzW5Zk_32.mp4,36
529,giving,yt-rxWhlANYIKs_46.mp4,44
530,grilling,yt-0sxQ0ZKkz3c_291.mp4,73
531,grilling,yt-PYc0XJdTfso_282.mp4,52
532,grilling,yt-WEbAQSbOHqw_111.mp4,23
533,grilling,yt-WZ1tvXucA8o_269.mp4,10
534,grilling,yt-YlA-FPDylDE_100.mp4,18
535,grilling,yt-bj64y9n9s2k_61.mp4,77
536,grilling,yt-keLIny6sa48_38.mp4,48
537,grilling,yt-uBt1er-t0xI_131.mp4,2
538,gripping,yt-wBTT5PjOha8_16.mp4,12
539,gripping,yt-x2aLXEHUJ_k_195.mp4,71
540,gripping,yt-xPl8GuhTwB4_134.mp4,20
541,gripping,yt-xXZn_GK0eTM_7.mp4,53
542,grooming,giphy-iw0UClyyDsttS_0.mp4,42
543,grooming,yt-CXAOMZvB6jI_11.mp4,26
544,grooming,yt-gdmrqV1WyM0_220.mp4,66
545,guarding,yt-QpvtJCZLJfs_57.mp4,7
546,guarding,yt-UKrWbJEs7pw_74.mp4,38
547,guarding,yt-pw-5GYg8WGo_166.mp4,71
548,guarding,yt-uJItr23jsxw_199.mp4,48
549,guarding,yt-wSdNAN9uCvQ_524.mp4,12
550,hammering,yt-43b3vJ7HweM_166.mp4,30
551,hammering,yt-AH7NIgPkXFw_62.mp4,41
552,hammering,yt-WpLgDX6Yw_s_20.mp4,45
553,hammering,yt-XCUy5coN2JA_14.mp4,0
554,hammering,yt-yV5RucjRCME_12.mp4,67
555,handcuffing,yt-GLI1XWIihBE_5.mp4,62
556,handcuffing,yt-MJB0iq5tDaw_129.mp4,10
557,handcuffing,yt-U2cU2_SCP70_211.mp4,14
558,handwriting,yt--zzirwGzgfg_44.mp4,72
559,handwriting,yt-YDGpP2CKjqU_9.mp4,4
560,handwriting,yt-YN82aR-0guA_117.mp4,51
561,handwriting,yt-YzwuM5iA4NE_4.mp4,62
562,handwriting,yt-ZRyF_8sP9PA_82.mp4,49
563,handwriting,yt-nNwLaX84Ze0_333.mp4,62
564,handwriting,yt-qHpZZLIbegk_571.mp4,42
565,handwriting,yt-yg-v3V1cBW4_75.mp4,73
566,handwriting,yt-ysnYUjkmzz8_193.mp4,7
567,hanging,giphy-5acwTuGmtqcRW_7.mp4,48
568,hanging,yt-Be8kf-C_Jng_86.mp4,53
569,hanging,yt-YCmNwQAO8HQ_587.mp4,39
570,hiking,bing-video_nationalgeographic_com_video_get-out-adventure-guide_160819-adventure-navigating-backcountry-tips-hilaree-oneill-_50.mp4,14
571,hiking,yt-Z4-IhgfV8Rg_143.mp4,45
572,hiking,yt-ZmeMlT6TQPI_461.mp4,62
573,hiking,yt-dhgHDbdfTiY_135.mp4,15
574,hiking,yt-z9whE1W4e0E_16.mp4,41
575,hiking,yt-zLE63VyxbV0_35.mp4,25
576,hitchhiking,yt-Spx1Wqe32Q4_219.mp4,42
577,hitchhiking,yt-VA4lmoEzQS0_51.mp4,62
578,hitchhiking,yt-XycvqBOKUVM_39.mp4,62
579,hitchhiking,yt-Y3HVHgiTHrU_31.mp4,61
580,hitchhiking,yt-wR-1EJIFKzY_47.mp4,13
581,hitchhiking,yt-zSkewEn9nqE_1369.mp4,31
582,hitting,yt--Tb9H7nAy4g_559.mp4,49
583,hitting,yt-WG1IImV0inA_29.mp4,32
584,hitting,yt-r6Dv2C3MtjA_89.mp4,8
585,hitting,yt-sjoyC0EZFrM_14.mp4,38
586,hitting,yt-wwY2fxlYZDg_36.mp4,68
587,howling,yt--QYuBzHj7NM_24.mp4,55
588,howling,yt-Siluo04PgBk_49.mp4,48
589,howling,yt-WtdyoJ_vxGk_12.mp4,50
590,hugging,A45sjUX7mp0_13.mp4,62
591,hugging,_Vv6RViA39A_7.mp4,24
592,hugging,bing-vimeo_com_115091095_3.mp4,39
593,hugging,giphy-2uHSbqel5P0CQ_1.mp4,46
594,hugging,xTcmIkW2-m0_1955.mp4,73
595,hugging,yt--3FMGZD3BV4_105.mp4,50
596,hugging,yt--CAV2yEp720_151.mp4,8
597,hugging,yt-3zs0oKPiXt0_166.mp4,65
598,hugging,yt-CBkPNRqryFs_26.mp4,47
599,hunting,yt-XGFoDUeKhhc_285.mp4,77
600,hunting,yt-t-YWQUGqVRs_187.mp4,6
601,hunting,yt-vfJfMssJKAk_139.mp4,30
602,hunting,yt-wxuVE3FxfCw_249.mp4,22
603,inflating,yt-YF-sdoXpmFU_24.mp4,25
604,inflating,yt-ZGVM9mWe_w4_609.mp4,45
605,inflating,yt-xE-ohfUhiDk_39.mp4,51
606,inflating,yt-xSehIPhoVJ0_27.mp4,75
607,inflating,yt-xgkAvh-2qcM_57.mp4,1
608,inflating,yt-ywyM0u5cKjk_6.mp4,4
609,inflating,yt-zQcMSSRVG7I_56.mp4,47
610,injecting,yt-RuLLKcTGkOw_56.mp4,39
611,injecting,yt-Wd5YPyOr8qk_129.mp4,77
612,injecting,yt-YWRB1z_ykz0_351.mp4,77
613,injecting,yt-ZdiHj8vBDSc_131.mp4,40
614,injecting,yt-nM40YC_JMGU_262.mp4,2
615,interviewing,yt-XrpVceyWO-U_13.mp4,2
616,interviewing,yt-YC2sOicEsRY_321.mp4,77
617,interviewing,yt-zvh8l0kZRjk_324.mp4,31
618,jogging,yt--BGRUc4x8qo_2.mp4,3
619,jogging,yt--yAXNOsEo80_76.mp4,5
620,jogging,yt-0JuFYIEEdfY_6.mp4,52
621,jogging,yt-0Pzo6cU4N0k_40.mp4,14
622,jogging,yt-cN0DqxL3bgM_52.mp4,30
623,jogging,yt-mKCXk3Gu-eg_74.mp4,42
624,juggling,yt-ZE2UouuGzFI_2.mp4,30
625,juggling,yt-zAIPL5O9Uwk_36.mp4,10
626,juggling,yt-zZxxuFb0fdk_352.mp4,25
627,juggling,yt-zwdR4YAUdPo_3.mp4,5
628,jumping,Avw-8IS7Xbw_70.mp4,45
629,jumping,b3TCugtX0h0_108.mp4,20
630,jumping,bing-vimeo_com_99156873_2.mp4,73
631,kicking,yt-YqzLNL3TrYQ_49.mp4,50
632,kicking,yt-ZODr5ldqjCs_8.mp4,45
633,kicking,yt-zIiPMv4FpGg_176.mp4,47
634,kissing,yt-P3n3xmRBdQ0_236.mp4,65
635,kissing,yt-SUixnfaRhVA_14.mp4,49
636,kissing,yt-TVauD4XhLsA_9.mp4,74
637,kissing,yt-VvxkDAVvkMg_26.mp4,54
638,kissing,yt-Z0o5zeUkCjc_181.mp4,0
639,kissing,yt-Z0o5zeUkCjc_68.mp4,50
640,kneeling,yt-TNVdpnrtn5A_121.mp4,20
641,kneeling,yt-W2wbQoNnzP4_176.mp4,50
642,kneeling,yt-WvlPuuTxT70_13.mp4,0
643,kneeling,yt-ZB58yTeiqas_1.mp4,28
644,kneeling,yt-rrv9Aoepg6g_4.mp4,1
645,kneeling,yt-yWxCezsyOoI_30.mp4,46
646,kneeling,yt-zthg2Jh-Xdg_48.mp4,0
647,knocking,yt-dLfcNbZnDR8_55.mp4,31
648,knocking,yt-jojbl_mRZ9g_148.mp4,23
649,knocking,yt-x-zapAEGqK4_50.mp4,28
650,laughing,yt-ZXKXsstuiaA_105.mp4,25
651,laughing,yt-ZYpGqHLTh6k_245.mp4,39
652,laughing,yt-ZfacKhW5Ik4_25.mp4,32
653,laughing,yt-ziIfvb7AmcY_46.mp4,50
654,lecturing,yt-Z8ace3NbXAA_1240.mp4,50
655,lecturing,yt-Zjx45fKYfio_201.mp4,75
656,lecturing,yt-z1OEHouU-zc_609.mp4,72
657,lecturing,yt-zJzAfJQze9A_53.mp4,57
658,licking,giphy-ZZTZcJdRqmuXK_1.mp4,10
659,licking,yt-4By4ydMVFhA_41.mp4,9
660,licking,yt-JO3V0DRRCEk_53.mp4,15
661,licking,yt-jTYQ-yVXi4M_13.mp4,51
662,lifting,yt-XxQ7fZEw3p8_9.mp4,3
663,lifting,yt-ZSCQsTvZrUo_9.mp4,22
664,lifting,yt-Zn0YwrsCFOQ_44.mp4,1
665,loading,yt-RsPgVAwZQsU_34.mp4,52
666,loading,yt-SC45Yyf38bw_3.mp4,52
667,loading,yt-Yx-E2ztGJgE_58.mp4,61
668,loading,yt-x_2VuhswlF4_81.mp4,16
669,locking,yt-KHktk3rRJS4_11.mp4,38
670,locking,yt-Kygd1TKpjh4_59.mp4,55
671,locking,yt-OABQ9MJBrlc_32.mp4,20
672,locking,yt-USpxVOGeIms_1.mp4,9
673,locking,yt-Z-1nqB4J9d4_46.mp4,36
674,locking,yt-lYxM29pJs04_194.mp4,19
675,locking,yt-uMvx0GtfEOk_192.mp4,12
676,marching,9CE6t-60paU_211.mp4,24
677,marching,yt-HZ2dVKbAUIs_52.mp4,71
678,marching,yt-heI8DKkWSkw_321.mp4,42
679,marching,yt-hqLzjWK6-oI_609.mp4,32
680,marrying,yt-V8T84HB88sw_1109.mp4,62
681,marrying,yt-ZU-GhXqlNpA_12.mp4,22
682,marrying,yt-fiqrKanVMGw_148.mp4,0
683,massaging,bing-vimeo_com_127529626_44.mp4,7
684,massaging,yt-PAgDoLmSWro_10.mp4,32
685,massaging,yt-PWd5scD9V0w_53.mp4,66
686,massaging,yt-QmAmGWVI4vc_295.mp4,53
687,massaging,yt-qZIecABmBrM_368.mp4,13
688,massaging,yt-q_N7VFuUzdk_134.mp4,26
689,measuring,yt-VRXLzTmdGdw_33.mp4,63
690,measuring,yt-WgNLo3YK6HE_154.mp4,0
691,measuring,yt-XXJWgC2n71w_160.mp4,18
692,measuring,yt-ZBbgiBU96mM_353.mp4,61
693,measuring,yt-vD2FDUOFfao_216.mp4,63
694,measuring,yt-vOV7_zjUIbo_122.mp4,56
695,measuring,yt-wBOeW6fgYd8_24.mp4,25
696,measuring,yt-wh2ZJdGLqLE_133.mp4,45
697,measuring,yt-xDW5KQIhn7U_388.mp4,72
698,measuring,yt-zOC1t9W1jOo_39.mp4,70
699,mopping,vine-hxaE5hAbOti_3.mp4,47
700,mopping,yt-GLkal49h2hs_63.mp4,27
701,mopping,yt-PBxrzqKevsA_11.mp4,13
702,mopping,yt-_11Rgw44g-Y_207.mp4,42
703,mopping,yt-oqC_K3_uR2Y_22.mp4,12
704,officiating,yt-TY44Os8nZGM_24.mp4,68
705,officiating,yt-WCUtEtCtVns_73.mp4,17
706,officiating,yt-XgyyERxrF3g_853.mp4,76
707,officiating,yt-w8Tlfdy0-sI_522.mp4,36
708,opening,giphy-Z0vwMJLx0L4dy_4.mp4,18
709,opening,giphy-fvB5VRSCElfzO_1.mp4,72
710,opening,yt-MZEERAUavmk_153.mp4,29
711,opening,yt_R-vvjTPq9xE88_145.mp4,38
712,operating,yt-51MLPZ096NE_217.mp4,36
713,operating,yt-8Fi8P6nsAnI_11.mp4,38
714,operating,yt-FUZ4lAkQbmw_46.mp4,0
715,operating,yt-GMHMLDlkKcE_366.mp4,4
716,operating,yt-HlgZCAPqaiY_220.mp4,33
717,operating,yt-WBGypFADqXY_132.mp4,17
718,packaging,yt-VeusaXNi70k_74.mp4,6
719,packaging,yt-WMs0Gssw7GM_66.mp4,68
720,packaging,yt-WSaU5_Lbmas_284.mp4,40
721,packaging,yt-xuzFcnSO9ao_75.mp4,36
722,packaging,yt-z9n9ZkV21Jk_204.mp4,61
723,packing,yt-Y5AW49Hd6cU_335.mp4,0
724,packing,yt-YDeki9IuSKc_216.mp4,43
725,packing,yt-ZY4HPAE2AfM_257.mp4,16
726,packing,yt-yne_rp0pAqw_273.mp4,47
727,packing,yt-zePoWGUZsoU_9.mp4,19
728,painting,yt-Y-oihea24WQ_710.mp4,7
729,painting,yt-YOF6BX0cMqA_207.mp4,11
730,painting,yt-YXzF6VFA7Xo_90.mp4,5
731,painting,yt-ZJcfKHZOnCA_1555.mp4,54
732,painting,yt-ZTocv21TWXg_262.mp4,4
733,painting,yt-ZsKPw8TltKs_322.mp4,49
734,painting,yt-yjEzt46R6zE_101.mp4,72
735,painting,yt-zJWa7BZ5ZBU_611.mp4,68
736,painting,yt-zuGDLxAQPMo_12.mp4,58
737,painting,yt-zy569ruo8N0_1749.mp4,4
738,parading,yt-YuojNWYnm8M_18.mp4,20
739,parading,yt-xQF0VlGCdQI_36.mp4,39
740,parading,yt-yd1kvJ3q4fE_158.mp4,28
741,parading,yt-zJYiSVda6CE_159.mp4,54
742,parading,yt-zKh7lNDsoaI_211.mp4,71
743,parading,yt-zeCCU5m0ByU_34.mp4,7
744,paying,vine-Paying-with-all-coins-cause-the-struggle-is-real-in-these-streets-Lol-hrbbPe3xiL5_1.mp4,48
745,paying,vine-Paying-with-cents-w-kim0berlyx-MZlw6mbvgnK_1.mp4,35
746,paying,vine-paying-with-them-50s-hgIqD6vnFYW_3.mp4,73
747,paying,yt-4NjyKFnwHBo_13.mp4,57
748,paying,yt-Qs_sbBxYHCE_187.mp4,31
749,paying,yt-vjed5qyKqZw_1.mp4,5
750,pedaling,yt-unSEkexXLXs_85.mp4,67
751,pedaling,yt-x5yzGgLpCo0_123.mp4,60
752,pedaling,yt-xbUxt2x4InE_41.mp4,21
753,peeling,e8YZSOFqmy4_658.mp4,0
754,peeling,giphy-Z4WsAtuahbWeY_0.mp4,66
755,peeling,yt-1IHrz9oPgKc_49.mp4,4
756,peeling,yt-84KqNHVE8E8_50.mp4,49
757,peeling,yt-_p8yd7EV8Cc_53.mp4,30
758,peeling,yt-ly97UpMjLKc_85.mp4,61
759,performing,ZbX6WSfeDWI_75.mp4,4
760,performing,yt-XXsvb23PCuY_626.mp4,2
761,performing,yt-ZpPfos_jMCI_47.mp4,25
762,photographing,yt-Qx_p8hmFqgA_106.mp4,58
763,photographing,yt-RJJpxYsUV_Q_297.mp4,34
764,photographing,yt-UcgRrOXTj1o_204.mp4,0
765,photographing,yt-VA5GOz8Zpsg_66.mp4,0
766,photographing,yt-XRQ_LSGGr3Y_712.mp4,76
767,photographing,yt-Zk9PpDks7os_495.mp4,20
768,photographing,yt-r563Yl7PwPo_30.mp4,49
769,photographing,yt-ui1XuDn_Sl4_361.mp4,43
770,photographing,yt-v7guLWatQuk_1107.mp4,51
771,photographing,yt-vSFJZxO8Ru8_8.mp4,25
772,picking,yt-Vdl_hjZtnbw_24.mp4,62
773,picking,yt-WyH4gSA0Fqg_8.mp4,76
774,picking,yt-X1MhV5Axtdw_10.mp4,21
775,picking,yt-XH95UhI3Wao_103.mp4,29
776,picking,yt-XwgmYsyqPaQ_296.mp4,33
777,picking,yt-YI7czl_SH4Q_117.mp4,16
778,picking,yt-ZQcjfBHpI8k_47.mp4,66
779,picking,yt-veGhRaoOUEg_10.mp4,7
780,picking,yt-wPOx1ye0_Kw_13.mp4,63
781,picking,yt-wz2ks9-awdw_76.mp4,61
782,piloting,yt-UlIbSV9vC_s_50.mp4,46
783,piloting,yt-uyYJR5DJEB8_117.mp4,31
784,piloting,yt-x3QqAttN7XM_92.mp4,27
785,planting,yt-Y04CEfY6m-g_47.mp4,61
786,planting,yt-YNtr3Oquyfk_91.mp4,46
787,planting,yt-Yx3ILqFKtSo_832.mp4,62
788,planting,yt-ZpwNG-I-Xy4_50.mp4,58
789,planting,yt-yUm99lR9U9w_17.mp4,17
790,planting,yt-zHuW37WfL2s_339.mp4,19
791,planting,yt-zyO_c6kIXCk_103.mp4,57
792,playing+fun,awM3-MGp8U4_216.mp4,8
793,playing+fun,yt-Vmf7efOPHgU_151.mp4,68
794,playing+fun,yt-fCEO70nksnw_17.mp4,54
795,playing+fun,yt-kFS36Yd6zYs_111.mp4,17
796,playing+music,yt-VXRv6qM2ehE_25.mp4,19
797,playing+music,yt-Z-Lxl86Q7E4_15.mp4,3
798,playing+music,yt-Z41ekoH3gZM_942.mp4,60
799,playing+music,yt-ZWeg9uoGo_115.mp4,73
800,playing+music,yt-wlN6KcDj-bc_123.mp4,10
801,playing+sports,yt-YJHUBtnQI6g_1232.mp4,35
802,playing+sports,yt-YjNXu2vHzDs_243.mp4,56
803,playing+sports,yt-yJExtJLdmdg_1185.mp4,29
804,playing+sports,yt-ymJrPBEuuYQ_34.mp4,60
805,plugging,giphy-UKsu4hgjBVtN6_1.mp4,51
806,plugging,yt-3Bd0GlPWeS4_50.mp4,11
807,plugging,yt-8ZYH0CobnFA_97.mp4,6
808,plugging,yt-BlgwV5unTO4_318.mp4,11
809,plunging,yt-WaKsfF7bdR4_4.mp4,25
810,plunging,yt-vVuJ-r-jO1c_33.mp4,7
811,plunging,yt-xzPpoVG7OKw_908.mp4,49
812,pointing,yt-wDrYx7CcSeg_543.mp4,40
813,pointing,yt-wov1DA-Jtjc_39.mp4,55
814,pointing,yt-wqo9FLNevkI_38.mp4,23
815,pointing,yt-x2HrYnc1qSg_92.mp4,58
816,pointing,yt-zcdYN6BSWsY_47.mp4,30
817,pointing,yt-zwVJ95yCrdQ_2394.mp4,52
818,poking,yt-Ly_G47oPiws_725.mp4,33
819,poking,yt-QD5Re7agPGg_46.mp4,4
820,poking,yt-sByR_vg06lg_10.mp4,44
821,pouring,giphy-3o6wrty0S7uczfTmbC_0.mp4,27
822,pouring,giphy-kex6egHKkgww0_1.mp4,36
823,pouring,yt-YgFwFoqglKc_111.mp4,47
824,pouring,yt-fGX-1msJvJk_8.mp4,25
825,pouring,yt-law7rXWGS64_22.mp4,9
826,praying,yt-FaOFT4S9v8k_30.mp4,41
827,praying,yt-LmLB2c4MdpM_914.mp4,28
828,praying,yt-YxnQV6O-8d0_140.mp4,51
829,praying,yt-YyFM-pWdqrY_311.mp4,74
830,praying,yt-Z8X7dLUdtdc_189.mp4,65
831,praying,yt-y69RmyHO8Pg_1499.mp4,5
832,preaching,yt-Z4ELjwcUwXU_72.mp4,12
833,preaching,yt-ZsT7gUUmh8U_287.mp4,34
834,preaching,yt-ZwmBzcbQjpw_383.mp4,45
835,preaching,yt-z3NVDh5S6-8_827.mp4,12
836,preaching,yt-zBiEpo1tQx4_951.mp4,46
837,pressing,yt-YWRA-ZQpTZA_31.mp4,3
838,pressing,yt-ZZhsEQVFvaI_123.mp4,62
839,pressing,yt-ZoN8F_bdCkw_8.mp4,32
840,pressing,yt-wVDC2ftGKh8_1.mp4,4
841,pressing,yt-zgi15gr5bis_554.mp4,0
842,protesting,yt-Vu4jVSGDkpc_43.mp4,49
843,protesting,yt-ZEfCnzTJ_QU_812.mp4,46
844,protesting,yt-ZXVPtUjCPmA_123.mp4,70
845,protesting,yt-xPEeq38TZag_28.mp4,27
846,protesting,yt-ymFkh4jUVpw_883.mp4,8
847,pulling,yt-W-uw4n_vGvU_273.mp4,17
848,pulling,yt-WkvjFOFMtuk_5.mp4,40
849,pulling,yt-sqtKcjXaCEI_3.mp4,7
850,punching,yt-Rdx4XofKACw_7.mp4,75
851,punching,yt-VwTG0EHJBlc_13.mp4,73
852,punching,yt-ZQ3UN79bpWM_39.mp4,31
853,punting,yt-Z7nCvGXGSVs_97.mp4,16
854,punting,yt-xdEKBWoygw0_13.mp4,27
855,punting,yt-yAIUjS_H9j4_103.mp4,39
856,punting,yt-zfFKakathho_77.mp4,33
857,pushing,yt-ZSNYYBxZC0o_147.mp4,9
858,pushing,yt-ZTqYdpV0VAY_88.mp4,15
859,pushing,yt-zkfN-Q2HgB0_2.mp4,71
860,racing,yt-YHtvoRiUfjI_9.mp4,46
861,racing,yt-x8UYO8w9XA0_64.mp4,62
862,racing,yt-yDLRRz98TPw_791.mp4,76
863,rafting,yt-ZVNIOHCi0uk_101.mp4,33
864,rafting,yt-Zo-jXYr3gww_18.mp4,68
865,rafting,yt-Zpl-t4rnRso_110.mp4,27
866,rafting,yt-zKMdCbwqjgI_6.mp4,69
867,rafting,yt-zihH4KBlQMk_1065.mp4,38
868,rafting,yt-zihH4KBlQMk_16.mp4,27
869,raising,yt-OqGJiF2uNFY_11.mp4,29
870,raising,yt-Y2lsJBUhq1o_3.mp4,37
871,raising,yt-oPndW1FVza4_7.mp4,64
872,raising,yt-pjZBGPK4bbM_28.mp4,39
873,reading,yt-C-NWbAcekFU_191.mp4,21
874,reading,yt-VIGbNncKy5Y_848.mp4,45
875,reading,yt-Vh3lApyAhSM_24.mp4,44
876,reading,yt-f5HMC_2k6Cg_457.mp4,64
877,reading,yt-sjWnQQ6bKBg_41.mp4,5
878,repairing,yt-RfaPiaHyweA_698.mp4,58
879,repairing,yt-ULcee1zE1JI_216.mp4,75
880,repairing,yt-U_RLpde35Vc_51.mp4,46
881,repairing,yt-shrbWeVeqPM_301.mp4,14
882,riding,yt-U2TlfRec-N8_13.mp4,40
883,riding,yt-gqspGu5F4uU_38.mp4,70
884,riding,yt-rUWAQ_pzFYA_40.mp4,14
885,riding,yt-tnpnkx11saA_37.mp4,26
886,riding,yt-zJb6tXvaQDY_14.mp4,11
887,rinsing,yt-Yg-n6JgI4VU_133.mp4,4
888,rinsing,yt-aD-EAuBdpUo_163.mp4,35
889,rinsing,yt-jYlHn8OAe8o_14.mp4,43
890,rinsing,yt-oZ64cvQ53us_110.mp4,57
891,rising,yt-PD7OWHNAUqY_266.mp4,50
892,rising,yt-ZfDtalvUK5k_36.mp4,39
893,rising,yt-kvcO6TslVZY_124.mp4,56
894,rocking,yt-2tY9aGGBItU_57.mp4,37
895,rocking,yt-GRHl9tyqk0c_30.mp4,2
896,rocking,yt-_m3Gny2P1Fs_3.mp4,27
897,rocking,yt-lmMAgdHd_GM_40.mp4,5
898,rolling,vine-Rolling-down-a-hill-simple-things-in-life-M0IDX6l5ViL_1.mp4,67
899,rolling,vine-Rolling-down-the-hill-M66lw69PdAO_1.mp4,5
900,rolling,vine-Rolling-down-the-hill-h6itr3OMOl3_3.mp4,18
901,rolling,vine-Rolling-hWnZ3BKzuIp_1.mp4,44
902,rolling,yt-dtvG9XDtjv4_41.mp4,41
903,rowing,yt---bUCG7Dke4_16.mp4,64
904,rowing,yt--EbfiAS-lPA_127.mp4,76
905,rowing,yt--IlJYlZfV4I_23.mp4,32
906,rowing,yt--SCKf6vTwJg_10.mp4,24
907,rowing,yt--eQi3e_OFYQ_1476.mp4,33
908,rowing,yt--wNqb95MOig_2.mp4,67
909,rowing,yt-00enE-089L4_124.mp4,75
910,rowing,yt-0G3FuvgSI_s_94.mp4,40
911,rowing,yt-0dB6kvbbnu8_132.mp4,66
912,rowing,yt-_5Oe4l7XFaA_13.mp4,66
913,rowing,yt-_5Oe4l7XFaA_75.mp4,31
914,rowing,yt-_U42orbfIDE_39.mp4,4
915,rowing,yt-_dnM0uXK6uE_63.mp4,4
916,rubbing,yt--Dx6uMC8k1M_491.mp4,18
917,rubbing,yt-01m4O8fTgKw_16.mp4,38
918,rubbing,yt-0_biwqbrly4_348.mp4,5
919,rubbing,yt-1gD-BBknfH4_15.mp4,17
920,rubbing,yt-1ndwkoTThBc_11.mp4,65
921,rubbing,yt-_8XtWh-2fGA_175.mp4,33
922,running,yt-X4_oFO1zp2A_93.mp4,29
923,running,yt-y14Nhu4sBJA_780.mp4,8
924,running,yt-y1KuYV_cZY4_32.mp4,21
925,running,yt-yYNd200AZVQ_39.mp4,45
926,running,yt-zPGSH8vGMT0_335.mp4,65
927,sailing,yt--JKeVL6YZFE_12.mp4,44
928,sailing,yt--JKeVL6YZFE_56.mp4,0
929,sailing,yt--m0tVOPrHXc_26.mp4,46
930,sailing,yt-07P8G8Oh9XY_320.mp4,62
931,sailing,yt-26obL-Z5obg_108.mp4,73
932,sailing,yt-26obL-Z5obg_131.mp4,58
933,sailing,yt-B0D0pge3hTU_116.mp4,25
934,sailing,yt-P6Pt5Y3GeTg_4.mp4,71
935,sailing,yt-c1n5cafivzQ_722.mp4,59
936,saluting,yt-0gfnmDGk0KM_68.mp4,0
937,saluting,yt-3u0McB2-NGM_22.mp4,0
938,saluting,yt-6z3-PAIKRYc_6.mp4,19
939,saluting,yt-9F5CoFDRdPw_23.mp4,72
940,sanding,vine-NWFAtraining-in-action-PrinciplesWoodFlooring-sanding-Mr5ZBUZI6Kp_3.mp4,25
941,sanding,vine-Sanding-MiUw5TWqVrz_2.mp4,33
942,sanding,yt-2ApesWQEvIg_103.mp4,14
943,sanding,yt-2ApesWQEvIg_140.mp4,59
944,sanding,yt-_5JZiAF6oLo_26.mp4,76
945,sanding,yt-_7YFh4xL9Ec_81.mp4,47
946,sanding,yt-_CWhUBOFuPg_47.mp4,57
947,sanding,yt-_EjwVQF19mc_178.mp4,36
948,sanding,yt-_EjwVQF19mc_82.mp4,20
949,sawing,vine-Part-two-of-the-tree-sawing-German-wedding-tradition-MwrrZ3FATFg_2.mp4,7
950,sawing,yt--HK-IJ2uFBE_3.mp4,75
951,sawing,yt--JlpI0GNrts_436.mp4,3
952,sawing,yt--SiS99IYP0M_66.mp4,60
953,sawing,yt-7HJkCCwxSz8_1.mp4,40
954,sawing,yt-7HJkCCwxSz8_12.mp4,68
955,sawing,yt-7mh6f-Mn4Rw_105.mp4,59
956,sawing,yt-7mh6f-Mn4Rw_95.mp4,42
957,scratching,yt-0eSwWUnfbv0_354.mp4,3
958,scratching,yt-_hTq3zLKPyo_852.mp4,43
959,scratching,yt-blmDw6gdlrY_554.mp4,68
960,scratching,yt-f_Dcbyx1MpU_388.mp4,3
961,screwing,yt--S_1tLFzsFs_119.mp4,12
962,screwing,yt--S_1tLFzsFs_132.mp4,0
963,screwing,yt-2pRKCSgdXXU_30.mp4,27
964,screwing,yt-52vx2Gvimhw_946.mp4,5
965,screwing,yt-C7biQCR7KgE_113.mp4,26
966,scrubbing,yt-0mLal3UU7x4_220.mp4,58
967,scrubbing,yt-2oFyA9sLr9E_1015.mp4,0
968,scrubbing,yt-4mLp-iYtmCI_74.mp4,49
969,scrubbing,yt-5vvnBcGy1Go_156.mp4,64
970,serving,yt-0FUWPY7IULs_30.mp4,54
971,serving,yt-5ws2gxbcjs4_381.mp4,70
972,serving,yt-jBq-mHSIPsc_15.mp4,71
973,sewing,yt--jzScB82vKI_66.mp4,69
974,sewing,yt--jzScB82vKI_90.mp4,36
975,sewing,yt-1MZrvZBtM9c_48.mp4,50
976,sewing,yt-2pCJtwaJzM8_214.mp4,22
977,sewing,yt-4YTTecwMosY_61.mp4,1
978,shaking,vine-Just-shaking-one-up-wanker-protein-gym-h0ZD3T9gWLJ_3.mp4,0
979,shaking,vine-Weird-milky-child-shaking-slimgiltsoul-h6Z7umQVA66_1.mp4,31
980,shaking,yt-8uswJTc2c7o_79.mp4,25
981,shaking,yt-_GwTMySiQRM_161.mp4,12
982,shaking,yt-_RpPgjPpvvU_7.mp4,45
983,shaking,yt-_a6FXNoEpA8_1.mp4,23
984,shaking,yt-u2t3Mprf7UY_4.mp4,73
985,shaving,yt-3lNrg-vuQkw_834.mp4,44
986,shaving,yt-_Fa88ofyp6w_234.mp4,25
987,shaving,yt-_ID6vUxYPbI_249.mp4,21
988,shaving,yt-_dWqJxVdn2s_242.mp4,55
989,shaving,yt-_fhmsLQ-xCs_610.mp4,34
990,shooting,yt-1VADFpAfDLY_1015.mp4,20
991,shooting,yt-IspQdG-cNcM_321.mp4,57
992,shooting,yt-JbC5mEc6ipE_2.mp4,42
993,shooting,yt-bGaC0a5KV7U_65.mp4,1
994,shooting,yt-bl-Fj3mPt9g_239.mp4,32
995,shooting,yt-hGubVn-nv3A_1309.mp4,16
996,shooting,yt-oD8ZNjdkG5A_24.mp4,6
997,shopping,yt-1qWcKhZoNC4_81.mp4,60
998,shopping,yt-2TrvFpLaQvc_404.mp4,3
999,shopping,yt-2fyvxFvDonQ_194.mp4,43
1000,shopping,yt-a_awONsLFfE_107.mp4,12
1001,shopping,yt-dSvsYrYFdlQ_127.mp4,34
1002,shouting,yt--TGj227OVKY_177.mp4,33
1003,shouting,yt-_piOmYadXfM_444.mp4,43
1004,shouting,yt-cArCEH3bjxs_6.mp4,43
1005,shoveling,yt--1IlTIWPNs4_83.mp4,67
1006,shoveling,yt--4On1Sedm04_1.mp4,72
1007,shoveling,yt-CEuklRA142E_99.mp4,61
1008,shoveling,yt-_v106cIbueE_24.mp4,68
1009,shredding,vine-My-Saturday-Shredding-junkmail-exciting-awesome-chores-hXWgEb7jEKW_1.mp4,60
1010,shredding,vine-Paper-shredding-with-my-bro-chillin-Mq2eemVa53D_1.mp4,6
1011,shredding,vine-Shredding-all-my-old-receipts-Clearout-SpringClean-SpringCleaning-MV1dLxZzunZ_1.mp4,78
1012,shredding,vine-Shredding-fan-mail-M0aInbqiMLF_2.mp4,58
1013,shredding,vine-Shredding-old-awkward-high-school-art-Its-symbolic-No-its-not-I-just-hate-looking-at-it-hQQpqg3IXTL_3.mp4,30
1014,shrugging,yt-5SYScSZULOM_38.mp4,66
1015,shrugging,yt-6ptWPAhgdeg_7.mp4,46
1016,shrugging,yt-_xA84W_GeCY_4.mp4,45
1017,shrugging,yt-cguinkQMeyI_151.mp4,6
1018,signing,yt-0uK1YiHNFtU_357.mp4,42
1019,signing,yt-41BQAoue9Fc_174.mp4,18
1020,signing,yt-5FJeX8Um9pw_49.mp4,23
1021,signing,yt-A1puL8afKVw_94.mp4,17
1022,signing,yt-_MAqBxPFbvY_18.mp4,71
1023,signing,yt-_Zo8Z_JCZp0_61.mp4,3
1024,signing,yt-_ksx4WWPTps_60.mp4,69
1025,signing,yt-fPyCcoaRMS8_7.mp4,24
1026,singing,yt-0ZQawy9bzX8_35.mp4,33
1027,singing,yt-0rvJOREmAv4_60.mp4,8
1028,singing,yt-2_hP2ZAkgx8_33.mp4,57
1029,singing,yt-3rRPbBGsR50_123.mp4,61
1030,singing,yt-5tdzrDI2ChE_300.mp4,28
1031,singing,yt-5xIQsJVNRz4_1227.mp4,3
1032,singing,yt-67WZN4JlInw_80.mp4,33
1033,singing,yt-6nDQhnTk1hc_35.mp4,0
1034,singing,yt-86dagxYWKmY_110.mp4,23
1035,singing,yt-F9phGTqLL2o_197.mp4,66
1036,singing,yt-GwZQVogIIRo_15.mp4,63
1037,singing,yt-H3QheeJV_Zw_185.mp4,51
1038,singing,yt-IgCphQCkHSk_85.mp4,0
1039,singing,yt-Lr1Kxdj9Hr8_90.mp4,63
1040,singing,yt-Mo3pqXC9CsU_630.mp4,65
1041,singing,yt-SBenttZUT7A_217.mp4,70
1042,singing,yt-WsptdUFthWI_133.mp4,26
1043,singing,yt-bNtssJ6KT1E_224.mp4,75
1044,singing,yt-k_Sqjn0YZTw_758.mp4,19
1045,sitting,yt-BvNeY8BS7FY_179.mp4,47
1046,sitting,yt-Wuay7LtcgDA_101.mp4,74
1047,sitting,yt-c_G4Vr3vMRY_967.mp4,41
1048,sitting,yt-gSQ1bfu-XVY_217.mp4,0
1049,skating,yt-_O-g5s7ix0c_155.mp4,75
1050,skating,yt-_R9Rm3Wt4pM_95.mp4,12
1051,skating,yt-_ibHiO3ZmJA_91.mp4,51
1052,skating,yt-_l4P744tdXc_54.mp4,61
1053,skating,yt-_q4rWF2wB3M_85.mp4,46
1054,skating,yt-_qYdq-EFHi0_14.mp4,47
1055,skating,yt-_rdCSaNw-mQ_39.mp4,14
1056,sketching,yt--EIyUK2q1do_237.mp4,40
1057,sketching,yt-1pxAxKrVNZY_570.mp4,44
1058,sketching,yt-_1ynelil_po_80.mp4,15
1059,sketching,yt-_Jo7WD_BPxU_142.mp4,38
1060,skiing,yt-_-yYAA8vGSY_174.mp4,16
1061,skiing,yt-_0stet63Qc0_194.mp4,69
1062,skiing,yt-_1mec6ewDwE_79.mp4,74
1063,skiing,yt-_3l3WdE36TI_157.mp4,62
1064,skiing,yt-_5UrZgLsbyE_165.mp4,74
1065,skiing,yt-_JUVko4Ml9E_10.mp4,42
1066,skiing,yt-_MXKN964Qrk_73.mp4,11
1067,skiing,yt-_mMT4Nt_c-A_69.mp4,42
1068,skiing,yt-_rwgi99bJNk_1.mp4,63
1069,skipping,vine-Washing-Line-Skipping-Jump-Rope-MJWJ5ZmXijP_1.mp4,75
1070,skipping,vine-Watching-a-skipping-team-during-the-Jump-Rope-for-Heart-assembly-MrmYZDi6Tq1_3.mp4,52
1071,skipping,vine-we-were-making-a-vine-and-this-guy-just-came-out-of-nowhere-skipping-M1udHqguJXb_1.mp4,0
1072,skipping,yt--xlld2mn65s_28.mp4,0
1073,skipping,yt--xnZhSsSuao_63.mp4,29
1074,skipping,yt--zGlZfE8v_c_189.mp4,24
1075,skipping,yt-0fvPzkArgFI_444.mp4,4
1076,slapping,yt--3sOHrUMBO0_71.mp4,49
1077,slapping,yt--CURbBs_uYU_242.mp4,53
1078,slapping,yt--c9Ucp8Qvlk_47.mp4,19
1079,slapping,yt-_drWwTZgj6o_603.mp4,63
1080,sleeping,yt-0Qxr-dNvToY_11.mp4,35
1081,sleeping,yt-0iiNAGzOnF0_5.mp4,37
1082,sleeping,yt-2sFyjfsyyHU_180.mp4,30
1083,sleeping,yt-Bmf7IUHa18E_24.mp4,41
1084,sleeping,yt-PWXigjFm4TM_43.mp4,46
1085,sleeping,yt-b_R_wTtnsoM_15.mp4,8
1086,slicing,vine-Slicing-the-gouda-delicious-cheese-h0FYlYeHnUY_1.mp4,38
1087,slicing,vine-slicing-and-dicing-makeitwork-MwlKYUmtqvQ_1.mp4,62
1088,slicing,yt--b45cHxP0Dc_205.mp4,25
1089,slicing,yt-_h5eWq5Hcn4_30.mp4,9
1090,sliding,vine-Sliding-MFaMMhvUade_3.mp4,16
1091,sliding,vine-Sliding-OG-hrVaaw3rZD0_3.mp4,36
1092,sliding,vine-Slippin-sliding-rain-fun-crosscountry-h6HVhP7hVD9_3.mp4,26
1093,sliding,vine-sliding-MtZlt02FHLh_1.mp4,17
1094,sliding,yt-JZFxJTBuPYc_46.mp4,3
1095,sliding,yt-Jirjt-8rJDI_2.mp4,76
1096,sliding,yt-_DVEfSBmzLU_25.mp4,13
1097,sliding,yt-_naivSI0hsE_109.mp4,76
1098,sliding,yt-jS9wCpGRbZU_135.mp4,64
1099,slipping,vine-Gallon-smashing-MOEwgY6wdJb_1.mp4,48
1100,slipping,vine-TyreeJackson-slipping-and-sliding-Mu9vVXVj6WQ_1.mp4,61
1101,slipping,yt-0J02lp13k_k_189.mp4,73
1102,smashing,yt-DqqBq6Shqs8_73.mp4,9
1103,smashing,yt-hD7OrV1n-1Q_40.mp4,74
1104,smashing,yt-jb7vZwhMbhE_208.mp4,41
1105,smelling,vine-Smelling-dead-roses-teamjamaica-YaadVybzEnt-YaadVineENT-PassRheFuckOut-MpDTTZdb0lB_2.mp4,49
1106,smelling,vine-Smelling-flowers-like-a-retard-kaatvanhoof-MtmUrhjhVv2_1.mp4,44
1107,smelling,vine-Smelling-something-to-good-u-just-be-like-Mh053p2TlnP_3.mp4,7
1108,smelling,vine-smelling-candles-candles-relatable-Target-MQ6AzV1VIjl_1.mp4,65
1109,smelling,yt-17w_ijijroM_27.mp4,38
1110,smelling,yt-bM3oKWz6Te4_352.mp4,33
1111,smiling,yt-0mUul9MOKAU_15.mp4,17
1112,smiling,yt-1ATdegRUmwQ_3.mp4,39
1113,smiling,yt-2bExFnlqSxA_13.mp4,0
1114,smiling,yt-3ru775_CLzs_33.mp4,63
1115,smiling,yt-6S3mTUY7fPA_82.mp4,9
1116,smiling,yt-mA3MOhwaeWU_46.mp4,66
1117,smoking,yt-DSgt9jDLi_8_14.mp4,45
1118,smoking,yt-_PKABSq-98I_106.mp4,9
1119,smoking,yt-rYwZVB91o_M_5.mp4,75
1120,smoking,yt-w-3fhp_m_P8_78.mp4,22
1121,snapping,yt--HZgX7HmcHg_31.mp4,36
1122,snapping,yt--ZaNyzHkCGo_32.mp4,27
1123,snapping,yt-3gv7KYaVDCs_5.mp4,73
1124,snapping,yt-_0hSK7t_Sv4_5.mp4,7
1125,snapping,yt-_2siYuJc2zw_10.mp4,28
1126,snapping,yt-_C-_hAuU6mo_16.mp4,70
1127,sneezing,yt-svRIlzv2Z4E_3.mp4,71
1128,sneezing,yt-ueSHU8SlV2c_10.mp4,48
1129,sneezing,yt-vaZaWfIBOTY_9.mp4,55
1130,sneezing,yt-vhy9Wt_PoFA_4.mp4,61
1131,sniffing,yt--uELHT3cz5Y_214.mp4,71
1132,sniffing,yt-1wIzRkTO71I_14.mp4,76
1133,sniffing,yt-Nrk8JPIm7Ig_1138.mp4,13
1134,sniffing,yt-kV6q4jLXgo0_462.mp4,69
1135,snuggling,yt--7GCUxtMjbg_75.mp4,9
1136,snuggling,yt--Y8Wgw9fdA4_32.mp4,49
1137,snuggling,yt-588IXm7_0Bk_91.mp4,33
1138,snuggling,yt-au40P5PP4to_90.mp4,7
1139,sowing,vine-Sowing-Seeds-backyardgarden-urbanfarmer-farmerchic-MJi1Om1I32I_3.mp4,77
1140,sowing,vine-Still-sowing-Sunny-30-C-No-air-condition-barley-hardspring-farmlife-dust-MDiIMmvFZVm_2.mp4,58
1141,sowing,yt---GaAzxiUPA_36.mp4,37
1142,sowing,yt--BOtdaMzxE8_188.mp4,72
1143,sowing,yt-_AvBeVblzpI_367.mp4,10
1144,sowing,yt-_KqL97pb-n0_791.mp4,76
1145,speaking,DNZGE5kB1S4_238.mp4,2
1146,speaking,bing-www_dailymotion_com_video_x2xpdde_54.mp4,2
1147,speaking,dwlDMtN2LCA_309.mp4,53
1148,speaking,fEWmWswbe1s_1352.mp4,32
1149,speaking,yt--7pma_mtUHM_8.mp4,67
1150,speaking,yt-01Xsz_IpiqM_5.mp4,38
1151,speaking,yt-05nCcYxFG1Q_203.mp4,34
1152,speaking,yt-0OkOQhXhsIE_56.mp4,45
1153,speaking,yt-0bcEqesnOQo_373.mp4,38
1154,speaking,yt-0bpMnGNP-aI_156.mp4,51
1155,speaking,yt-0jPFA2JOj-A_32.mp4,51
1156,speaking,yt-3RjRZ9jMfs0_25.mp4,12
1157,speaking,yt-43N7Sj5F0hQ_723.mp4,66
1158,speaking,yt-4jxJVUmiYrA_113.mp4,1
1159,speaking,yt-6iFPs6JlSzY_82.mp4,55
1160,speaking,yt-6rgDLWOFCRA_536.mp4,9
1161,speaking,yt-6wBBK4LRf7U_55.mp4,28
1162,speaking,yt-8QIxXGmW-nI_44.mp4,8
1163,speaking,yt-8QIxXGmW-nI_72.mp4,50
1164,speaking,yt-8o0euhM6bjg_1327.mp4,37
1165,speaking,yt-9FGH--ICHJI_45.mp4,28
1166,speaking,yt-AzaFrCbZlTY_92.mp4,58
1167,speaking,yt-AzlCIS072_Y_997.mp4,73
1168,speaking,yt-CyElHdaqkjo_103.mp4,49
1169,speaking,yt-InNTeyZk6ro_351.mp4,77
1170,speaking,yt-JG0yqhzVuYA_74.mp4,7
1171,speaking,yt-QSQif6QBeO4_15.mp4,13
1172,speaking,yt-_S35NDMuoJ4_1522.mp4,72
1173,speaking,yt-_ae8c8XDYuo_214.mp4,72
1174,speaking,yt-_tV6bNV1ZQ0_47.mp4,76
1175,speaking,yt-aFk9L3nhS0Q_98.mp4,34
1176,speaking,yt-bVb1utdCNy0_766.mp4,52
1177,speaking,yt-d6pd2VmrHRo_195.mp4,55
1178,speaking,yt-ePDVZbDYdvY_55.mp4,49
1179,speaking,yt-ez179mM5sbI_220.mp4,18
1180,speaking,yt-jU9ieEeiXPI_75.mp4,29
1181,speaking,yt-ki_DFB8-bA0_294.mp4,10
1182,speaking,yt-m2UszPwHvXE_94.mp4,39
1183,spilling,yt-5-706U7XJg4_138.mp4,76
1184,spilling,yt-70hO-17q3qQ_111.mp4,45
1185,spilling,yt-7PGA9AXtIJo_153.mp4,27
1186,spilling,yt-V3dhg5ylCnQ_280.mp4,45
1187,spinning,yt--AdnJQKGY3w_43.mp4,30
1188,spinning,yt-0EFJvKTaOnM_11.mp4,24
1189,spinning,yt-0H3C5dXsXvQ_1686.mp4,71
1190,spinning,yt-1rIlu-TxLng_431.mp4,16
1191,spinning,yt-_Noxsr9fA9A_62.mp4,36
1192,spitting,yt--hefxhDh48U_404.mp4,27
1193,spitting,yt-1z8gO8-Wpfk_117.mp4,15
1194,spitting,yt-NUwHYNYjqRQ_259.mp4,39
1195,splashing,vine-Puddle-splashing-Mbgvz5uLl6u_3.mp4,62
1196,splashing,vine-Splashing-h0ezDMVmPpH_1.mp4,42
1197,splashing,yt-3y6WtJGFwWY_103.mp4,18
1198,splashing,yt-NyVlr38Ned0_2.mp4,9
1199,splashing,yt-V7qqFYAfVvc_4.mp4,44
1200,spraying,yt--0BX0_8TQ78_83.mp4,38
1201,spraying,yt--Gus25PYHRQ_234.mp4,73
1202,spraying,yt--iTi38I4mYo_21.mp4,0
1203,spraying,yt--neF_S58VGo_133.mp4,23
1204,spraying,yt--neF_S58VGo_25.mp4,11
1205,spraying,yt-0PuKsTKNdJU_89.mp4,59
1206,spraying,yt-1AiYhFvz4e0_48.mp4,28
1207,spraying,yt-_7nDdkmON6w_256.mp4,26
1208,spraying,yt-_GVcumXXw6E_237.mp4,10
1209,spraying,yt-_Y39LBRnOgA_104.mp4,19
1210,spraying,yt-_jFAUWZwEUk_67.mp4,0
1211,spraying,yt-_sqkzfKtQA4_5.mp4,72
1212,spreading,yt-1Cvw3lO6Odc_2.mp4,68
1213,spreading,yt-4OeVFNdGgX4_125.mp4,21
1214,spreading,yt-5m6PKIEv1XM_20.mp4,74
1215,spreading,yt-7-uNCyJ1ffs_20.mp4,0
1216,spreading,yt-_er0oMjIvFs_84.mp4,12
1217,sprinkling,yt--_aDGibxcdo_294.mp4,53
1218,sprinkling,yt-1OV_CFQPAno_31.mp4,18
1219,sprinkling,yt-1OV_CFQPAno_51.mp4,52
1220,sprinkling,yt-_m6r1V0GMBo_51.mp4,38
1221,sprinting,yt-3RjvVJmJ2rw_65.mp4,75
1222,sprinting,yt-3SottZmsxG4_27.mp4,53
1223,sprinting,yt-5OdSMJnoZxk_77.mp4,8
1224,sprinting,yt-6XYSqfInJFU_4.mp4,15
1225,sprinting,yt-BT-p9CYbZ4k_187.mp4,33
1226,sprinting,yt-eWGU-PmgVaM_100.mp4,60
1227,sprinting,yt-rXM7PCdERE0_46.mp4,53
1228,squatting,yt--OVPE4pVoO8_12.mp4,57
1229,squatting,yt--os3-kMh2YY_53.mp4,49
1230,squatting,yt-_5GjsbMCOm0_73.mp4,62
1231,squatting,yt-_80-mbIAKqY_46.mp4,75
1232,squatting,yt-_MgbN_mf0B8_72.mp4,8
1233,squatting,yt-_jC_vzA23nY_37.mp4,46
1234,squatting,yt-_m4TDbpIQPI_23.mp4,76
1235,squinting,yt--rLU5Fo_Ryc_134.mp4,0
1236,squinting,yt-1KPzQsMnlBE_127.mp4,27
1237,squinting,yt-1bv57aq_VQo_12.mp4,19
1238,squinting,yt-_X6Pvg8KQs8_25.mp4,75
1239,squinting,yt-_mkz4jTlvJ4_15.mp4,60
1240,stacking,vine-Real-life-box-stacking-MuU7xqUrtuV_3.mp4,63
1241,stacking,vine-Sleep-stacking-hxl55dtWHwP_3.mp4,67
1242,stacking,vine-Stacking-and-unstacked-MQIxmjZh9D7_1.mp4,48
1243,stacking,vine-Stacking-my-paper-at-work-b-hIDUWx60Opp_3.mp4,8
1244,stacking,yt-_8HyTyTbS5A_1.mp4,76
1245,standing,yt--d7L_XuerWI_139.mp4,55
1246,standing,yt--kF_MeV83L4_190.mp4,1
1247,standing,yt-_06_GZ5f7lc_2104.mp4,65
1248,standing,yt-_TWbD3MKfMI_294.mp4,32
1249,standing,yt-_XPCb9FdgNs_109.mp4,68
1250,stealing,yt-3JI8pwZ81JQ_161.mp4,77
1251,stealing,yt-wdB8-xjQO0A_113.mp4,20
1252,stealing,yt-y9eZVzPNWow_15.mp4,30
1253,steering,vine-Mum-steering-Mndu9rqXTnA_1.mp4,65
1254,steering,vine-My-steering-wheel-is-a-sexual-predator-carjokes-MFLInqluOQM_1.mp4,9
1255,steering,vine-Short-People-Be-Hugging-The-Steering-Wheel-When-They-Drive-MAz0WmhV5OY_2.mp4,54
1256,steering,vine-Steering-Wheel-Drummer-hXPL6grt90d_1.mp4,60
1257,steering,yt--DC71NM9Wtw_227.mp4,27
1258,steering,yt-0F_A5U116Sk_389.mp4,25
1259,steering,yt-0XqeA4KZFQA_50.mp4,57
1260,steering,yt-_DnvKx1uuVs_1787.mp4,52
1261,steering,yt-_VIkUe2AI5M_34.mp4,61
1262,steering,yt-_cK2elZtgD4_74.mp4,6
1263,steering,yt-_cjPR15sWCY_101.mp4,12
1264,steering,yt-_jwpiXUgrqQ_98.mp4,57
1265,stirring,vine-Behold-my-pro-stirring-skills-M2dHTU29Vbx_2.mp4,9
1266,stirring,vine-Stirring-coffee-coffee-MdJB9Yjatxa_2.mp4,20
1267,stirring,vine-Stirring-my-bacon-venison-and-beef-brisket-chili-for-the-MiriamsKitchen-cookoff-hpxi55Vp5jZ_2.mp4,76
1268,stirring,vine-baking-some-cupcakes-MuF60zg92Zh_1.mp4,36
1269,stirring,vine-dads-stirring-in-the-christmas-ham-for-maddys-dog-food-hEYI02IjlWA_1.mp4,66
1270,stirring,vine-ianisted-stirring-Coffee-hLLBbU1B0ib_1.mp4,23
1271,stirring,yt-_2Zj9Sbuml0_92.mp4,23
1272,stirring,yt-_mtyKXigOms_265.mp4,28
1273,stirring,yt-_osYq8b4low_435.mp4,67
1274,stitching,vine-LIVE-LLBean-Boat-and-Tote-stitching-at-AmericanField-Boston-h66EjVgrYtU_2.mp4,46
1275,stitching,vine-Stitching-hHqTuZ6mOaA_1.mp4,74
1276,stitching,vine-Turtle-Island-Moccasins-operating-his-custom-Pfaff-adjusted-to-treadle-stitching-h6HiLFOeIZO_2.mp4,38
1277,stitching,vine-We-made-me-a-shirt-crafting-Kirstin-M2gmXEj6pVq_2.mp4,74
1278,stitching,vine-season-1-episode-2-top-stitching-with-han-gen-MZHxObhaTA9_2.mp4,25
1279,stitching,vine-season-1-episode-4-back-stitching-MZH2YTabJdT_2.mp4,16
1280,stitching,yt-_1Y2p4bSwyA_144.mp4,13
1281,stitching,yt-_3NTh-D3m64_336.mp4,28
1282,stitching,yt-_EH8an2hKUI_838.mp4,25
1283,stitching,yt-_h6NR8rjdd8_1152.mp4,7
1284,stitching,yt-_h6NR8rjdd8_733.mp4,16
1285,stomping,yt--ebg_Ko3aLc_118.mp4,68
1286,stomping,yt--ebg_Ko3aLc_53.mp4,29
1287,stomping,yt--ebg_Ko3aLc_96.mp4,67
1288,stomping,yt--j-TImmipno_4.mp4,57
1289,stomping,yt--ramPKuUO4s_62.mp4,70
1290,stomping,yt-_N88gyTt56Y_19.mp4,15
1291,stomping,yt-_tzXa79KT10_58.mp4,50
1292,stretching,vine-The-old-guys-stretching-before-some-New-Years-bowling-hVteY0xejAU_3.mp4,23
1293,stretching,vine-Work-Stretching-What-M6PgAn9dFDE_1.mp4,19
1294,stretching,vine-warm-up-stretching-before-the-ADMU-DLSU-match-23studio-ABS-CBN-News-h3lUH133Vmr_1.mp4,52
1295,stretching,yt-_2Gjwq5_LII_867.mp4,75
1296,stretching,yt-_2pT6r0-2JI_1279.mp4,40
1297,stretching,yt-_7QJrFnwTdE_208.mp4,15
1298,stretching,yt-_97c_BdZWkI_1056.mp4,5
1299,stretching,yt-_CdXOtSnA3o_758.mp4,11
1300,studying,yt-4MIG_kwAriU_183.mp4,66
1301,studying,yt-_Y-d3V4kix8_108.mp4,34
1302,studying,yt-_Y-d3V4kix8_82.mp4,20
1303,studying,yt-v12Huq1NAhk_164.mp4,25
1304,studying,yt-vbm4uYRsL7g_262.mp4,11
1305,submerging,vine-Summer-Brainin-diving-in-for-the-50-M0PUaJraJYU_2.mp4,18
1306,submerging,vine-The-boys-diving-in-for-the-recovery-session-after-last-nights-match-GoSocceroos-WorldCup-MIZP2xlW0De_3.mp4,44
1307,submerging,vine-fun-girls-pool-summer-diving-MFBIVvj2Zm9_1.mp4,48
1308,submerging,yt-1Bd7B3DUiMc_175.mp4,31
1309,surfing,yt--QZxxBY8D0o_32.mp4,59
1310,surfing,yt--Yl4sd3HkWY_46.mp4,53
1311,surfing,yt-0aJ4rW37NIk_128.mp4,47
1312,surfing,yt-0yliRu5bI3k_116.mp4,16
1313,surfing,yt-2D5ugxEVBXA_294.mp4,65
1314,surfing,yt-2GEUE1likDo_244.mp4,74
1315,surfing,yt-2NUdEvBliD4_54.mp4,75
1316,surfing,yt-2mjHDSH1Yvg_90.mp4,53
1317,surfing,yt-BhEkf368i28_56.mp4,55
1318,surfing,yt-_2GI7cq8RZg_52.mp4,54
1319,surfing,yt-_KlpD6dr7Qw_21.mp4,48
1320,sweeping,vine-sweeping-up-sand-at-the-beach-MmvzQ3VaBTB_2.mp4,34
1321,sweeping,yt--BZKxQ99HZM_48.mp4,9
1322,sweeping,yt-2DpHwgJihOg_50.mp4,26
1323,sweeping,yt-_2ovTsSsYEg_40.mp4,24
1324,sweeping,yt-_FPgOHUU-04_17.mp4,5
1325,swimming,yt--P48Jx6AJ6M_48.mp4,3
1326,swimming,yt--cAfxH1WnPo_3.mp4,58
1327,swimming,yt--hhNgEQI1EI_17.mp4,59
1328,swimming,yt--oqPm107b_g_19.mp4,28
1329,swimming,yt--yEFVmuJ-Uk_19.mp4,7
1330,swimming,yt--yEFVmuJ-Uk_92.mp4,45
1331,swimming,yt-_29GOPLPSZY_17.mp4,27
1332,swimming,yt-_6jJluQ1vu8_44.mp4,64
1333,swimming,yt-_DHZjrHF2CU_12.mp4,68
1334,swimming,yt-_HWMygUJCx4_20.mp4,3
1335,swinging,yt-0m63LNVHP1U_20.mp4,42
1336,swinging,yt-1GJj3sQZj9g_72.mp4,59
1337,swinging,yt-35AFrS1sQVA_131.mp4,7
1338,swinging,yt-4n1T2MROX-I_60.mp4,26
1339,swinging,yt-_Hnr82bYGEQ_103.mp4,28
1340,swinging,yt-akCfy1vkL7g_14.mp4,71
1341,swinging,yt-amGZySTn_K8_68.mp4,52
1342,taping,vine-Taping-teachers-to-the-wall-spiritweek-hgEZutYlpzY_2.mp4,53
1343,taping,yt--5NkiFXkctE_237.mp4,67
1344,taping,yt-0FwoBApDF54_76.mp4,67
1345,taping,yt-0JjNrda5L2Y_108.mp4,76
1346,taping,yt-_3uhwYsALD8_38.mp4,4
1347,taping,yt-_H2GZHXwEf0_102.mp4,53
1348,taping,yt-aBhZnuaJOoM_138.mp4,61
1349,tapping,yt-_7byojvhp-4_36.mp4,35
1350,tapping,yt-_9BGSUyqNyg_939.mp4,15
1351,tapping,yt-_D38yuQqIic_231.mp4,38
1352,tapping,yt-_HwcUSjd_Aw_53.mp4,47
1353,tapping,yt-_cG4MvboCII_153.mp4,32
1354,tattooing,yt-_D0nKpPgQ8g_1951.mp4,67
1355,tattooing,yt-_IKgkkFXKHo_57.mp4,41
1356,tattooing,yt-_JrxcgmNhto_425.mp4,74
1357,tattooing,yt-_bUSloUq89I_36.mp4,57
1358,tattooing,yt-_oHna2EQuoM_321.mp4,11
1359,teaching,yt--ApVt04rB4U_131.mp4,9
1360,teaching,yt--QFDi44fEgo_759.mp4,57
1361,teaching,yt-0YFgNUMRnHo_60.mp4,24
1362,teaching,yt-_7RSFqebquA_31.mp4,15
1363,tearing,yt-11S6RNQpIII_1147.mp4,10
1364,tearing,yt-11S6RNQpIII_1176.mp4,11
1365,tearing,yt-2p0OisFIFcI_216.mp4,7
1366,tearing,yt-3-d11jbDta4_75.mp4,42
1367,tearing,yt-4iwUJcz8ypk_109.mp4,17
1368,tearing,yt-6FaNZEIXVns_63.mp4,63
1369,tearing,yt-8L4nZgdA-CQ_115.mp4,47
1370,tearing,yt-97lVc0p1VQ4_404.mp4,31
1371,telephoning,giphy-xatezWvGjfvhK_5.mp4,0
1372,telephoning,yt-0KoOf8on0mM_13.mp4,0
1373,telephoning,yt-0pxFuojvHkY_34.mp4,75
1374,telephoning,yt-1_cOGbC2-28_309.mp4,24
1375,telephoning,yt-KZww1-hfYNk_187.mp4,49
1376,telephoning,yt-L8fBvi2cSN4_40.mp4,50
1377,telephoning,yt-_2L5l-gzDYA_47.mp4,67
1378,telephoning,yt-_TDP0lZ4Xpc_22.mp4,64
1379,telephoning,yt-_TDP0lZ4Xpc_41.mp4,24
1380,telephoning,yt-_WLJGMQYWWo_21.mp4,47
1381,throwing,yt--1iWWmJmwzI_73.mp4,73
1382,throwing,yt--AOP_re6SD0_3.mp4,4
1383,throwing,yt--_ZMybcaUOw_71.mp4,0
1384,throwing,yt--i3jjoN0gi8_27.mp4,4
1385,throwing,yt--jqSV_7Ysho_15.mp4,6
1386,throwing,yt--nwcliLuzXU_10.mp4,14
1387,throwing,yt--zkbCoj2XgQ_7.mp4,0
1388,throwing,yt-0_hOxBg1uNY_36.mp4,64
1389,throwing,yt-_9SB27cLFKo_6.mp4,6
1390,throwing,yt-_Vl8xPrfpjU_62.mp4,1
1391,tickling,yt-_-LmF97EgRI_59.mp4,7
1392,tickling,yt-_5UcHSiaikE_194.mp4,54
1393,tickling,yt-_5UcHSiaikE_262.mp4,18
1394,tickling,yt-_Fahq4xV4bc_48.mp4,72
1395,tickling,yt-_byC4j0ZUwk_275.mp4,53
1396,towing,yt--01jdOoVFxo_3.mp4,19
1397,towing,yt-2JpDN_pwVR4_135.mp4,6
1398,towing,yt-_j8jRAaFzdI_26.mp4,1
1399,towing,yt-_j8jRAaFzdI_960.mp4,30
1400,trimming,yt--58gQSNMClg_22.mp4,3
1401,trimming,yt--Ct43URE_Eg_212.mp4,15
1402,trimming,yt--QL0eX2cSjU_25.mp4,52
1403,trimming,yt-0a2itSXu82E_52.mp4,16
1404,trimming,yt-_9rkLhAWzlI_67.mp4,60
1405,trimming,yt-_qVHb_VJjsk_38.mp4,12
1406,tripping,yt-4BejUuhvQJg_5.mp4,57
1407,tripping,yt-dGjHK5X8mzE_101.mp4,17
1408,tripping,yt-egnAzNpqLdY_7.mp4,25
1409,tuning,yt-07b-gdeZjrU_25.mp4,59
1410,tuning,yt-8o0u6QRPmTY_55.mp4,18
1411,tuning,yt-bmxqiYKsWZI_5.mp4,65
1412,tuning,yt-cgLftNVCCII_188.mp4,38
1413,tuning,yt-cgLftNVCCII_204.mp4,50
1414,turning,yt--kUkzpvFS8k_124.mp4,68
1415,turning,yt-03UKUcmJvco_32.mp4,74
1416,turning,yt-03XIk_R2TsU_30.mp4,63
1417,turning,yt-1YR0orwWMp8_139.mp4,20
1418,twisting,yt-0G6MDkIkoBk_179.mp4,3
1419,twisting,yt-3mGoWRgUrjw_34.mp4,28
1420,twisting,yt-6-GofKymsXQ_52.mp4,67
1421,twisting,yt-_lMf6ybgelg_123.mp4,49
1422,twisting,yt-_lMf6ybgelg_74.mp4,70
1423,tying,yt--54Bs-0kdhA_8.mp4,7
1424,tying,yt--55he7NGmDA_61.mp4,72
1425,tying,yt-_6buPanS92w_3.mp4,1
1426,tying,yt-_Gmc65XeyNI_57.mp4,7
1427,tying,yt-_sUqDzvynnc_16.mp4,70
1428,tying,yt-_v9uSvTd5o4_134.mp4,2
1429,typing,yt--azyHjjV_rQ_1387.mp4,44
1430,typing,yt--nJ-GG9GESI_40.mp4,38
1431,typing,yt--nJ-GG9GESI_53.mp4,76
1432,typing,yt--u65msDsTVQ_48.mp4,64
1433,typing,yt-_3kEcNDYPls_1.mp4,33
1434,typing,yt-_yBZzpyc1qI_1547.mp4,34
1435,unloading,yt-2IN85w8ptmM_51.mp4,64
1436,unloading,yt-_LdlQYGB3Fk_28.mp4,60
1437,unloading,yt-_y_yyyYp4FY_15.mp4,27
1438,unloading,yt-gYWd05xGgSs_20.mp4,18
1439,unpacking,yt_R-0g1uKhoVr58_31.mp4,27
1440,unpacking,yt_R-2_bSgNqN6NY_312.mp4,74
1441,unpacking,yt_R-2j7gi7BplmU_35.mp4,41
1442,unpacking,yt_R-3zE0MxMDuEc_417.mp4,30
1443,unpacking,yt_R-5GFXiRRCw88_197.mp4,72
1444,unpacking,yt_R-5drap_to46I_359.mp4,76
1445,unpacking,yt_R-5ePoJTj98Jg_205.mp4,8
1446,vacuuming,yt---iHJxg-tH4_37.mp4,14
1447,vacuuming,yt--0r0HEwAYiQ_21.mp4,32
1448,vacuuming,yt--90KbrVO9XY_315.mp4,8
1449,vacuuming,yt--llgFZDNO3s_725.mp4,62
1450,vacuuming,yt--xeHsqLbIw0_121.mp4,15
1451,vacuuming,yt-_BrH4s8WTew_53.mp4,52
1452,vacuuming,yt-_cDlSUOKh3s_2.mp4,76
1453,waking,yt-2WXYh6y0qmw_107.mp4,58
1454,waking,yt-4WqnzltijVE_20.mp4,29
1455,waking,yt-6KebI5-tcYE_2.mp4,19
1456,walking,yt--ndqpl0fytk_78.mp4,0
1457,walking,yt-_ECec7TAtzo_686.mp4,52
1458,walking,yt-_TWbD3MKfMI_294.mp4,4
1459,washing,yt--M9NIBnVh3U_863.mp4,64
1460,washing,yt--Sv4KthAFTs_737.mp4,41
1461,washing,yt--Sv4KthAFTs_771.mp4,71
1462,washing,yt-0baImdCrsF0_163.mp4,23
1463,washing,yt-QbqHylj8VJ8_55.mp4,11
1464,washing,yt-_5NfjoSElbI_14.mp4,41
1465,washing,yt-_WQfDypPens_71.mp4,1
1466,watering,yt--QjAyuhLDZg_20.mp4,28
1467,watering,yt-0RIrsKmnR2M_382.mp4,58
1468,watering,yt-3D1iYRrjXfc_14.mp4,0
1469,watering,yt-73-KxcLwy1M_82.mp4,6
1470,watering,yt-c4RN6zLIjsg_25.mp4,59
1471,waving,yt--HSW_HjQ1tc_115.mp4,2
1472,waving,yt-0Un6Ea8d_aA_219.mp4,13
1473,waving,yt-3tncct7MV7s_11.mp4,9
1474,waving,yt-5p_ZUJiI1YU_3.mp4,35
1475,waving,yt-_RHL-DEh6rs_64.mp4,77
1476,waving,yt-_aw4E3u50UE_19.mp4,15
1477,waxing,yt--081qTv9fXc_67.mp4,41
1478,waxing,yt-_501sJR7fT4_76.mp4,75
1479,waxing,yt-_5bGz7IbgX8_11.mp4,39
1480,waxing,yt-_GSKUMvt29g_77.mp4,3
1481,waxing,yt-_zM7AT-sB_o_9.mp4,0
1482,weeding,yt-01n-ag_ZwPM_47.mp4,0
1483,weeding,yt-3o9WUyucEIQ_117.mp4,64
1484,weeding,yt-4BAsE47kJNk_34.mp4,62
1485,weeding,yt-4BAsE47kJNk_88.mp4,47
1486,weeding,yt-9ThNOOT9Yks_62.mp4,45
1487,weeding,yt-_YMGMTdOpEc_11.mp4,76
1488,wetting,yt-_De-0kKlx_4_45.mp4,58
1489,wetting,yt-_Xe2JGgt7Ys_7.mp4,2
1490,wetting,yt-uCmStSruEFk_25.mp4,22
1491,whistling,vine-Whistling-in-the-spirit-MxbhML13KMU_3.mp4,51
1492,whistling,vine-Whistling-is-beautiful-2-MUHF9Tevq3H_2.mp4,22
1493,whistling,vine-whistling-lady-gaga-by-myself-awkward-at-pRties-number-29-MirEqb1FirJ_1.mp4,71
1494,whistling,vine-whistling-the-shrek-theme-song-while-a-burrito-is-being-microwaved-hjPL23xDPdZ_1.mp4,12
1495,whistling,yt-_3sx8GaCRKc_34.mp4,8
1496,whistling,yt-_RVGfw7TpBI_3.mp4,51
1497,whistling,yt-_p4XMCysUo0_189.mp4,52
1498,winking,vine-Normal-people-winking-VS-My-wink-wink-ugly-nolife-MzJpqmFqWdU_1.mp4,8
1499,winking,vine-Normal-people-winking-likeforlike-lfl-l4l-MmtgrlZEwze_1.mp4,41
1500,winking,vine-Normal-people-winking-vs-me-hXlgD7ABWMZ_2.mp4,19
1501,winking,vine-Winking-blp36uKEiZq_1.mp4,8
1502,winking,vine-Winking-is-a-struggle-Courtney-Polselli-winkingproblems-hQHJ0ujpBpD_1.mp4,13
1503,winking,yt-_wiRw-CauPc_3.mp4,4
1504,winking,yt-c2SMsIutUOs_15.mp4,1
1505,winking,yt-eZdtN0dEPuA_2.mp4,60
1506,working,yt-5ZuV5Z6enS8_637.mp4,2
1507,working,yt-Gmd1LRCHhpA_60.mp4,42
1508,working,yt-JA_xpjGpyFc_703.mp4,15
1509,working,yt-b4MzHF1g0LU_170.mp4,75
1510,working,yt-bsYAHJMazAU_153.mp4,72
1511,working,yt-gvk6OxcjFK0_269.mp4,10
1512,working,yt-hr1pvj6kC3s_444.mp4,51
1513,wrapping,giphy-BHUOZJ9x77YC4_1.mp4,65
1514,wrapping,giphy-HfvXo3CxNh960_0.mp4,38
1515,wrapping,giphy-R31W2DkWe2DKM_3.mp4,23
1516,wrapping,giphy-hZA0oCcQvvKo_2.mp4,2
1517,wrapping,giphy-khvTFhTXunI1a_11.mp4,62
1518,wrapping,vine-Wrapping-a-suitcase-like-a-venezuelan-travel-h0nK2uFqP9X_1.mp4,37
1519,wrapping,vine-bI1vZDJbEw6_1.mp4,45
1520,wrapping,vine-gwenhutchens-freestyle-wrapping-hEqxjO3z1be_3.mp4,19
1521,wrapping,yt-4Q8rVCa7vjc_92.mp4,61
1522,wrapping,yt-8mbPcghX4Rc_436.mp4,17
1523,wrapping,yt-DRWMUsADKFM_127.mp4,71
1524,wrestling,yt-_Lo3hFbum_o_6.mp4,74
1525,wrestling,yt-_UD2y2sBggc_8.mp4,2
1526,wrestling,yt-_UE4zEIVk80_482.mp4,68
1527,wrestling,yt-_UMnmp2ew4k_24.mp4,42
1528,wrestling,yt-_hwI3fEVXr8_8.mp4,53
1529,wrestling,yt-_mirlLIAIRA_124.mp4,66
1530,writing,vine-Grandpa-has-the-best-handwriting-MzM1ZBQvhBa_3.mp4,35
1531,writing,vine-signing-a-card-with-her-ugly-handwriting-hVBXuQx2ZO7_3.mp4,0
1532,writing,yt--hMk_dZ4Le0_30.mp4,38
1533,writing,yt-0XEeI4MRp0E_33.mp4,5
1534,writing,yt-Bz4dGx0Wt_U_391.mp4,1
1535,writing,yt-bKL6BRXqcy0_152.mp4,68
1536,yawning,vine-How-bitches-be-when-they-be-yawning-hV5VZHxJztL_1.mp4,56
1537,yawning,vine-How-white-people-yawn-vs-how-black-people-yawn-white-black-stop-yawning-so-hard-hqTdgL17Abq_2.mp4,76
1538,yawning,vine-I-actually-yawned-while-doing-this-xD-yawn-yawning-Hashtag-Mn9JUW1dAdZ_1.mp4,23
1539,yawning,vine-I-bet-u-yawned-_-yawning-howudoin-MF5wai0eYxr_2.mp4,75
1540,yawning,vine-I-hear-yawns-are-contagious-bahaha-yawning-tired-contagious-longnights-MiBaUK9rVFU_3.mp4,6
1541,yawning,vine-I-was-yawning-and-MVhVBThMUqQ_2.mp4,12
1542,yawning,vine-yawning-wife-MdB9Y7MuUj0_3.mp4,1
1543,yawning,yt-_0YhIgRtYfo_3.mp4,23
0,arresting,yt-74kI-8Ee7V8_431.mp4,73
1,arresting,yt-A8r4MK3R4PI_175.mp4,25
2,arresting,yt-AjdbE8lIzAY_218.mp4,27
3,arresting,yt-aAVfUYxx12g_18.mp4,11
4,attacking,yt-TD313AQ7Cxg_32.mp4,31
5,attacking,yt-TOKOtf9XWyg_9.mp4,62
6,brushing,yt-NcqSAuMbXVQ_47.mp4,2
7,brushing,yt-nFQSZRPbkKA_136.mp4,33
8,building,yt-DoeEwBJJ5u8_242.mp4,11
9,building,yt-HFwKCxRtDFk_285.mp4,43
10,building,yt-HgtmeWeh3pk_132.mp4,38
11,building,yt-b1gjcgCfduA_19.mp4,24
12,buying,yt-9fkx9WEayrw_21.mp4,4
13,buying,yt-HYsttgavcnI_781.mp4,52
14,buying,yt-fbCTPu32FzA_28.mp4,5
15,clearing,yt-A-vBQrdA2Hs_52.mp4,73
16,clearing,yt-F05DK1P3-3o_64.mp4,74
17,closing,yt-4MX8Z4ZxjiQ_25.mp4,23
18,closing,yt_R-FCeTRKQ-Oe8_234.mp4,4
19,closing,yt_R-sJEzqXSZ-H0_35.mp4,71
20,closing,yt_R-uCiEuA8gCjU_134.mp4,77
21,competing,yt-4rSfRRqCj_Q_189.mp4,3
22,competing,yt-4xvaw13XaZo_63.mp4,6
23,competing,yt-5axoyeBsqv0_154.mp4,11
24,constructing,yt-KVjy6G1q33w_25.mp4,73
25,constructing,yt-jHFNjoDDt14_55.mp4,23
26,constructing,yt-kTNeQB-aUjE_98.mp4,48
27,cramming,yt-BBP-FoVdnq0_42.mp4,45
28,cramming,yt-ljy5OWky_uY_19.mp4,72
29,destroying,yt-3aoL7-Pujnk_15.mp4,49
30,destroying,yt-70f6FuHlm2c_26.mp4,76
31,destroying,yt-C5EegPifcB8_38.mp4,53
32,dining,yt-0KqvtIGI6CM_210.mp4,57
33,dining,yt-8KdknyBeNxw_36.mp4,57
34,dining,yt-L4AzqQrv5Xs_838.mp4,71
35,diving,yt-FrMooAS56_Q_1.mp4,24
36,diving,yt-fKzX-wmKWWY_137.mp4,52
37,diving,yt-fh0MZgLiSCU_88.mp4,16
38,diving,yt-fs7mNi-SR_k_34.mp4,20
39,drawing,yt-07il8wZR1Tk_165.mp4,71
40,drawing,yt-07il8wZR1Tk_19.mp4,52
41,drawing,yt-4S6D20-SL_0_172.mp4,11
42,drawing,yt-6PKCnN1GEjQ_34.mp4,70
43,exiting,yt-5iR3TYgTzxw_116.mp4,16
44,exiting,yt-GuQpMk4O_X8_260.mp4,77
45,exiting,yt-h_rm4B1glOI_141.mp4,21
46,exiting,yt-oVgg11Ty8BY_136.mp4,57
47,fighting,yt-gkccqolaVGg_134.mp4,42
48,fighting,yt-hDpEVg0IK0Y_9.mp4,73
49,flicking,yt-64R6WUpC_fI_21.mp4,64
50,flicking,yt-EIvUzDrHm_E_2.mp4,37
51,flicking,yt-Gf3X_RYl9AI_1229.mp4,28
52,flying,yt-B52cJMUTMWQ_301.mp4,52
53,flying,yt-adyeQ4pGQJk_489.mp4,11
54,flying,yt-bshHX6vWLtA_84.mp4,42
55,gripping,yt-0ML-r1hsorA_143.mp4,71
56,gripping,yt-0c2uBSqYoDU_15.mp4,31
57,guarding,yt-S9UEET8R8RE_35.mp4,38
58,hitting,yt-DzbMxWBbuFo_28.mp4,16
59,hitting,yt-dvvRIIbI5as_94.mp4,19
60,kicking,yt-bBT4i7BLRw4_15.mp4,3
61,kicking,yt-cT19O7jbRK0_4.mp4,64
62,loading,yt-1YtkjR6EYXA_5.mp4,2
63,loading,yt-ACojjm9hf2c_21.mp4,3
64,loading,yt-_hzsg18Dm0Q_46.mp4,6
65,loading,yt-bAIveY_nEfU_597.mp4,2
66,photographing,yt-0abbLUSVn3c_345.mp4,45
67,photographing,yt-316ecr1BT84_44.mp4,22
68,photographing,yt-3SDy64qJoOc_75.mp4,24
69,photographing,yt-AlJaB3zunIc_87.mp4,63
70,photographing,yt-CbU4mLWiD5g_12.mp4,30
71,pulling,yt-i80T9PGvVn0_15.mp4,27
72,pulling,yt-k5HraqT2pro_21.mp4,23
73,racing,yt-j15VRlBi94Q_2.mp4,36
74,racing,yt-jM-YmRPQdH0_65.mp4,48
75,rising,yt-gS8-JU2uSk0_117.mp4,9
76,slipping,yt-eoVJOyZQ9kc_548.mp4,29
77,slipping,yt-epi2Gzbv3E4_3.mp4,11
78,standing,yt-AP62UcXHI3M_7.mp4,0
79,towing,yt-3Rlogfwfe30_9.mp4,16
80,towing,yt-6A-53VoCdfA_41.mp4,46
81,tripping,yt-J_xfhCWFVN0_103.mp4,28
82,tripping,yt-gbMRGXqqYPY_140.mp4,2
83,tuning,yt-RNLHYNn75Hk_569.mp4,8
84,tuning,yt-gLqNMqT_sx4_97.mp4,14
85,turning,yt-WXS8kpVPE1A_427.mp4,13
86,turning,yt-YhLO-6TmC4g_88.mp4,12
87,turning,yt-ZbxLIIuAEBk_337.mp4,56
88,turning,yt-zr0tzAC2XHk_16.mp4,55
89,unloading,yt-1TcNnKq2GPI_89.mp4,2
90,unloading,yt-8IO9FN1zBEQ_1.mp4,22
91,unloading,yt-9UnYU1bfNCM_59.mp4,42
92,waxing,yt-0I0JvVPtb0A_224.mp4,43
93,waxing,yt-1E25mtN367I_121.mp4,17
94,waxing,yt-7Z47PZc72a8_87.mp4,15
95,waxing,yt-_GSKUMvt29g_77.mp4,3
96,waxing,yt-_aUMpYOFYXs_523.mp4,47
97,wetting,yt-1CgIAht5IXs_11.mp4,39
98,wetting,yt-5Osoc1LpX-Q_35.mp4,24
99,wetting,yt-5YNROpqQAy4_115.mp4,56
100,working,yt-8HZ9fvp3lvw_100.mp4,12
101,working,yt-8mXUn5P5owg_266.mp4,64
102,working,yt-9_r8UhezPSc_114.mp4,52
103,working,yt-BdnyLtGfuY0_29.mp4,54
